parent_candidate_name,analysis_taxon_id,analysis_taxon_key,proposed_role,source_taxon_id,source_first_observed_year,source_last_observed_year,source_all_bc_ebd_records,source_category,source_common_name,source_scientific_name,source_subspecies_common_name,source_subspecies_scientific_name,ebird_taxon_code,official_category,official_common_name,official_scientific_name,official_report_as,effective_source_common_name,effective_source_scientific_name,official_match,name_match,category_match,mapping_treatment,historical_taxonomy_review,zero_fill_eligible_candidate,review_stratum,taxonomy_snapshot_version,taxonomy_snapshot_sha256,approval_status,ambiguity_flag,zero_fill_mapping_eligible,final_mapping_decision,approved_taxonomy_version
Mallard,,,guild_only_exploratory,avibase-07FFC1E5,1994,2025,1503,domestic,Mallard,Anas platyrhynchos,Mallard (Domestic type),Anas platyrhynchos (Domestic type),mallar2,domestic,Mallard (Domestic type),Anas platyrhynchos (Domestic type),mallar3,Mallard (Domestic type),Anas platyrhynchos (Domestic type),TRUE,TRUE,TRUE,ambiguous_or_excluded_no_species_allocation,FALSE,FALSE,excluded_ambiguous,eBird Taxonomy v2025,38ae7e68a03b651e8056e2f4abfad898533a12dbd9343f0e01cb2723ec20aaeb,excluded,TRUE,FALSE,excluded_no_named_species_allocation,eBird Taxonomy v2025
Brant,,,secondary_focal,avibase-0A01ABD3,2005,2025,27,form,Brant,Branta bernicla,Brant (Gray-bellied),Branta bernicla (Gray-bellied),gybbra1,form,Brant (Gray-bellied),Branta bernicla (Gray-bellied),brant,Brant (Gray-bellied),Branta bernicla (Gray-bellied),TRUE,TRUE,TRUE,case_by_case_form_pending,FALSE,FALSE,excluded_ambiguous,eBird Taxonomy v2025,38ae7e68a03b651e8056e2f4abfad898533a12dbd9343f0e01cb2723ec20aaeb,excluded,TRUE,FALSE,excluded_form,eBird Taxonomy v2025
Iceland Gull,,,secondary_focal,avibase-12D5BA6C,1988,2025,160,form,Iceland Gull,Larus glaucoides,Iceland Gull (kumlieni/glaucoides),Larus glaucoides kumlieni/glaucoides,icegul,form,Iceland Gull (kumlieni/glaucoides),Larus glaucoides kumlieni/glaucoides,y00478,Iceland Gull (kumlieni/glaucoides),Larus glaucoides kumlieni/glaucoides,TRUE,TRUE,TRUE,case_by_case_form_pending,TRUE,FALSE,excluded_ambiguous,eBird Taxonomy v2025,38ae7e68a03b651e8056e2f4abfad898533a12dbd9343f0e01cb2723ec20aaeb,excluded,TRUE,FALSE,excluded_form,eBird Taxonomy v2025
Iceland Gull,,,secondary_focal,avibase-EE7F1EF9,2015,2025,146,form,Iceland Gull,Larus glaucoides,Iceland Gull (thayeri/kumlieni),Larus glaucoides thayeri/kumlieni,icegul2,form,Iceland Gull (thayeri/kumlieni),Larus glaucoides thayeri/kumlieni,y00478,Iceland Gull (thayeri/kumlieni),Larus glaucoides thayeri/kumlieni,TRUE,TRUE,TRUE,case_by_case_form_pending,TRUE,FALSE,excluded_ambiguous,eBird Taxonomy v2025,38ae7e68a03b651e8056e2f4abfad898533a12dbd9343f0e01cb2723ec20aaeb,excluded,TRUE,FALSE,excluded_form,eBird Taxonomy v2025
,,,,avibase-43E850E2,2006,2025,151,hybrid,American Herring x Glaucous Gull (hybrid),Larus smithsonianus x hyperboreus,"","",x01131,hybrid,American Herring x Glaucous Gull (hybrid),Larus smithsonianus x hyperboreus,"",American Herring x Glaucous Gull (hybrid),Larus smithsonianus x hyperboreus,TRUE,TRUE,TRUE,ambiguous_or_excluded_no_species_allocation,FALSE,FALSE,excluded_ambiguous,eBird Taxonomy v2025,38ae7e68a03b651e8056e2f4abfad898533a12dbd9343f0e01cb2723ec20aaeb,excluded,TRUE,FALSE,excluded_no_named_species_allocation,eBird Taxonomy v2025
,,,,avibase-E22B6ADA,1998,2025,2821,hybrid,American Herring x Glaucous-winged Gull (hybrid),Larus smithsonianus x glaucescens,"","",x00050,hybrid,American Herring x Glaucous-winged Gull (hybrid),Larus smithsonianus x glaucescens,"",American Herring x Glaucous-winged Gull (hybrid),Larus smithsonianus x glaucescens,TRUE,TRUE,TRUE,ambiguous_or_excluded_no_species_allocation,FALSE,FALSE,excluded_ambiguous,eBird Taxonomy v2025,38ae7e68a03b651e8056e2f4abfad898533a12dbd9343f0e01cb2723ec20aaeb,excluded,TRUE,FALSE,excluded_no_named_species_allocation,eBird Taxonomy v2025
,,,,avibase-FA82C17D,2003,2003,1,hybrid,American Herring/Vega/European Herring x Glaucous Gull (hybrid),Larus smithsonianus/vegae/argentatus x hyperboreus,"","",nelgul,hybrid,American Herring/Vega/European Herring x Glaucous Gull (hybrid),Larus smithsonianus/vegae/argentatus x hyperboreus,"",American Herring/Vega/European Herring x Glaucous Gull (hybrid),Larus smithsonianus/vegae/argentatus x hyperboreus,TRUE,TRUE,TRUE,ambiguous_or_excluded_no_species_allocation,FALSE,FALSE,excluded_ambiguous,eBird Taxonomy v2025,38ae7e68a03b651e8056e2f4abfad898533a12dbd9343f0e01cb2723ec20aaeb,excluded,TRUE,FALSE,excluded_no_named_species_allocation,eBird Taxonomy v2025
,,,,avibase-11C2B1A1,2021,2025,27,hybrid,American Wigeon x Green-winged Teal (hybrid),Mareca americana x Anas crecca,"","",x00646,hybrid,American Wigeon x Green-winged Teal (hybrid),Mareca americana x Anas crecca,"",American Wigeon x Green-winged Teal (hybrid),Mareca americana x Anas crecca,TRUE,TRUE,TRUE,ambiguous_or_excluded_no_species_allocation,FALSE,FALSE,excluded_ambiguous,eBird Taxonomy v2025,38ae7e68a03b651e8056e2f4abfad898533a12dbd9343f0e01cb2723ec20aaeb,excluded,TRUE,FALSE,excluded_no_named_species_allocation,eBird Taxonomy v2025
,,,,avibase-64C6F7F0,2015,2025,7,hybrid,American Wigeon x Mallard (hybrid),Mareca americana x Anas platyrhynchos,"","",x00611,hybrid,American Wigeon x Mallard (hybrid),Mareca americana x Anas platyrhynchos,"",American Wigeon x Mallard (hybrid),Mareca americana x Anas platyrhynchos,TRUE,TRUE,TRUE,ambiguous_or_excluded_no_species_allocation,FALSE,FALSE,excluded_ambiguous,eBird Taxonomy v2025,38ae7e68a03b651e8056e2f4abfad898533a12dbd9343f0e01cb2723ec20aaeb,excluded,TRUE,FALSE,excluded_no_named_species_allocation,eBird Taxonomy v2025
,,,,avibase-D280B584,2020,2021,7,hybrid,American Wigeon x Northern Pintail (hybrid),Mareca americana x Anas acuta,"","",x00196,hybrid,American Wigeon x Northern Pintail (hybrid),Mareca americana x Anas acuta,"",American Wigeon x Northern Pintail (hybrid),Mareca americana x Anas acuta,TRUE,TRUE,TRUE,ambiguous_or_excluded_no_species_allocation,FALSE,FALSE,excluded_ambiguous,eBird Taxonomy v2025,38ae7e68a03b651e8056e2f4abfad898533a12dbd9343f0e01cb2723ec20aaeb,excluded,TRUE,FALSE,excluded_no_named_species_allocation,eBird Taxonomy v2025
,,,,avibase-7EA678E2,2017,2021,6,hybrid,Barrow's Goldeneye x Hooded Merganser (hybrid),Bucephala islandica x Lophodytes cucullatus,"","",x00426,hybrid,Barrow's Goldeneye x Hooded Merganser (hybrid),Bucephala islandica x Lophodytes cucullatus,"",Barrow's Goldeneye x Hooded Merganser (hybrid),Bucephala islandica x Lophodytes cucullatus,TRUE,TRUE,TRUE,ambiguous_or_excluded_no_species_allocation,FALSE,FALSE,excluded_ambiguous,eBird Taxonomy v2025,38ae7e68a03b651e8056e2f4abfad898533a12dbd9343f0e01cb2723ec20aaeb,excluded,TRUE,FALSE,excluded_no_named_species_allocation,eBird Taxonomy v2025
,,,,avibase-6504986B,2013,2024,13,hybrid,Blue-winged Teal x Northern Shoveler (hybrid),Spatula discors x clypeata,"","",x00629,hybrid,Blue-winged Teal x Northern Shoveler (hybrid),Spatula discors x clypeata,"",Blue-winged Teal x Northern Shoveler (hybrid),Spatula discors x clypeata,TRUE,TRUE,TRUE,ambiguous_or_excluded_no_species_allocation,FALSE,FALSE,excluded_ambiguous,eBird Taxonomy v2025,38ae7e68a03b651e8056e2f4abfad898533a12dbd9343f0e01cb2723ec20aaeb,excluded,TRUE,FALSE,excluded_no_named_species_allocation,eBird Taxonomy v2025
,,,,avibase-0AD8EA9D,2012,2022,34,hybrid,Bufflehead x Common Goldeneye (hybrid),Bucephala albeola x clangula,"","",x00655,hybrid,Bufflehead x Common Goldeneye (hybrid),Bucephala albeola x clangula,"",Bufflehead x Common Goldeneye (hybrid),Bucephala albeola x clangula,TRUE,TRUE,TRUE,ambiguous_or_excluded_no_species_allocation,FALSE,FALSE,excluded_ambiguous,eBird Taxonomy v2025,38ae7e68a03b651e8056e2f4abfad898533a12dbd9343f0e01cb2723ec20aaeb,excluded,TRUE,FALSE,excluded_no_named_species_allocation,eBird Taxonomy v2025
,,,,avibase-43A28512,2020,2020,1,hybrid,Bufflehead x goldeneye sp. (hybrid),Bucephala albeola x clangula/islandica,"","",x00909,hybrid,Bufflehead x goldeneye sp. (hybrid),Bucephala albeola x clangula/islandica,"",Bufflehead x goldeneye sp. (hybrid),Bucephala albeola x clangula/islandica,TRUE,TRUE,TRUE,ambiguous_or_excluded_no_species_allocation,FALSE,FALSE,excluded_ambiguous,eBird Taxonomy v2025,38ae7e68a03b651e8056e2f4abfad898533a12dbd9343f0e01cb2723ec20aaeb,excluded,TRUE,FALSE,excluded_no_named_species_allocation,eBird Taxonomy v2025
,,,,avibase-6712E378,2015,2023,9,hybrid,Cinnamon Teal x Northern Shoveler (hybrid),Spatula cyanoptera x clypeata,"","",x00630,hybrid,Cinnamon Teal x Northern Shoveler (hybrid),Spatula cyanoptera x clypeata,"",Cinnamon Teal x Northern Shoveler (hybrid),Spatula cyanoptera x clypeata,TRUE,TRUE,TRUE,ambiguous_or_excluded_no_species_allocation,FALSE,FALSE,excluded_ambiguous,eBird Taxonomy v2025,38ae7e68a03b651e8056e2f4abfad898533a12dbd9343f0e01cb2723ec20aaeb,excluded,TRUE,FALSE,excluded_no_named_species_allocation,eBird Taxonomy v2025
,,,,avibase-63620B41,1995,2022,4,hybrid,Common Goldeneye x Hooded Merganser (hybrid),Bucephala clangula x Lophodytes cucullatus,"","",x00425,hybrid,Common Goldeneye x Hooded Merganser (hybrid),Bucephala clangula x Lophodytes cucullatus,"",Common Goldeneye x Hooded Merganser (hybrid),Bucephala clangula x Lophodytes cucullatus,TRUE,TRUE,TRUE,ambiguous_or_excluded_no_species_allocation,FALSE,FALSE,excluded_ambiguous,eBird Taxonomy v2025,38ae7e68a03b651e8056e2f4abfad898533a12dbd9343f0e01cb2723ec20aaeb,excluded,TRUE,FALSE,excluded_no_named_species_allocation,eBird Taxonomy v2025
,,,,avibase-8DE9CD30,1995,2025,141,hybrid,Common x Barrow's Goldeneye (hybrid),Bucephala clangula x islandica,"","",cxbgol1,hybrid,Common x Barrow's Goldeneye (hybrid),Bucephala clangula x islandica,"",Common x Barrow's Goldeneye (hybrid),Bucephala clangula x islandica,TRUE,TRUE,TRUE,ambiguous_or_excluded_no_species_allocation,FALSE,FALSE,excluded_ambiguous,eBird Taxonomy v2025,38ae7e68a03b651e8056e2f4abfad898533a12dbd9343f0e01cb2723ec20aaeb,excluded,TRUE,FALSE,excluded_no_named_species_allocation,eBird Taxonomy v2025
,,,,avibase-4658C834,2014,2025,192,hybrid,Domestic goose sp. x Canada Goose (hybrid),Anser sp. (Domestic type) x Branta canadensis,"","",x00759,hybrid,Domestic goose sp. x Canada Goose (hybrid),Anser sp. (Domestic type) x Branta canadensis,"",Domestic goose sp. x Canada Goose (hybrid),Anser sp. (Domestic type) x Branta canadensis,TRUE,TRUE,TRUE,ambiguous_or_excluded_no_species_allocation,FALSE,FALSE,excluded_ambiguous,eBird Taxonomy v2025,38ae7e68a03b651e8056e2f4abfad898533a12dbd9343f0e01cb2723ec20aaeb,excluded,TRUE,FALSE,excluded_no_named_species_allocation,eBird Taxonomy v2025
,,,,avibase-ADF3B0C2,1990,2025,954,hybrid,Eurasian x American Wigeon (hybrid),Mareca penelope x americana,"","",x00421,hybrid,Eurasian x American Wigeon (hybrid),Mareca penelope x americana,"",Eurasian x American Wigeon (hybrid),Mareca penelope x americana,TRUE,TRUE,TRUE,ambiguous_or_excluded_no_species_allocation,FALSE,FALSE,excluded_ambiguous,eBird Taxonomy v2025,38ae7e68a03b651e8056e2f4abfad898533a12dbd9343f0e01cb2723ec20aaeb,excluded,TRUE,FALSE,excluded_no_named_species_allocation,eBird Taxonomy v2025
,,,,avibase-861892F3,2020,2020,3,hybrid,Gadwall x American Wigeon (hybrid),Mareca strepera x americana,"","",x00724,hybrid,Gadwall x American Wigeon (hybrid),Mareca strepera x americana,"",Gadwall x American Wigeon (hybrid),Mareca strepera x americana,TRUE,TRUE,TRUE,ambiguous_or_excluded_no_species_allocation,FALSE,FALSE,excluded_ambiguous,eBird Taxonomy v2025,38ae7e68a03b651e8056e2f4abfad898533a12dbd9343f0e01cb2723ec20aaeb,excluded,TRUE,FALSE,excluded_no_named_species_allocation,eBird Taxonomy v2025
,,,,avibase-90F488A3,1990,2024,86,hybrid,Gadwall x Mallard (hybrid),Mareca strepera x Anas platyrhynchos,"","",x00420,hybrid,Gadwall x Mallard (hybrid),Mareca strepera x Anas platyrhynchos,"",Gadwall x Mallard (hybrid),Mareca strepera x Anas platyrhynchos,TRUE,TRUE,TRUE,ambiguous_or_excluded_no_species_allocation,FALSE,FALSE,excluded_ambiguous,eBird Taxonomy v2025,38ae7e68a03b651e8056e2f4abfad898533a12dbd9343f0e01cb2723ec20aaeb,excluded,TRUE,FALSE,excluded_no_named_species_allocation,eBird Taxonomy v2025
,,,,avibase-080CFDEE,2021,2021,14,hybrid,Gadwall x Northern Pintail (hybrid),Mareca strepera x Anas acuta,"","",x00610,hybrid,Gadwall x Northern Pintail (hybrid),Mareca strepera x Anas acuta,"",Gadwall x Northern Pintail (hybrid),Mareca strepera x Anas acuta,TRUE,TRUE,TRUE,ambiguous_or_excluded_no_species_allocation,FALSE,FALSE,excluded_ambiguous,eBird Taxonomy v2025,38ae7e68a03b651e8056e2f4abfad898533a12dbd9343f0e01cb2723ec20aaeb,excluded,TRUE,FALSE,excluded_no_named_species_allocation,eBird Taxonomy v2025
,,,,avibase-C0BCF52B,2005,2025,130,hybrid,Glaucous x Glaucous-winged Gull (hybrid),Larus hyperboreus x glaucescens,"","",x00048,hybrid,Glaucous x Glaucous-winged Gull (hybrid),Larus hyperboreus x glaucescens,"",Glaucous x Glaucous-winged Gull (hybrid),Larus hyperboreus x glaucescens,TRUE,TRUE,TRUE,ambiguous_or_excluded_no_species_allocation,FALSE,FALSE,excluded_ambiguous,eBird Taxonomy v2025,38ae7e68a03b651e8056e2f4abfad898533a12dbd9343f0e01cb2723ec20aaeb,excluded,TRUE,FALSE,excluded_no_named_species_allocation,eBird Taxonomy v2025
,,,,avibase-4797A222,2017,2017,7,hybrid,Greater White-fronted x Canada Goose (hybrid),Anser albifrons x Branta canadensis,"","",x00415,hybrid,Greater White-fronted x Canada Goose (hybrid),Anser albifrons x Branta canadensis,"",Greater White-fronted x Canada Goose (hybrid),Anser albifrons x Branta canadensis,TRUE,TRUE,TRUE,ambiguous_or_excluded_no_species_allocation,FALSE,FALSE,excluded_ambiguous,eBird Taxonomy v2025,38ae7e68a03b651e8056e2f4abfad898533a12dbd9343f0e01cb2723ec20aaeb,excluded,TRUE,FALSE,excluded_no_named_species_allocation,eBird Taxonomy v2025
,,,,avibase-43C9473C,1988,2024,72,hybrid,Mallard x American Black Duck (hybrid),Anas platyrhynchos x rubripes,"","",x00004,hybrid,Mallard x American Black Duck (hybrid),Anas platyrhynchos x rubripes,"",Mallard x American Black Duck (hybrid),Anas platyrhynchos x rubripes,TRUE,TRUE,TRUE,ambiguous_or_excluded_no_species_allocation,FALSE,FALSE,excluded_ambiguous,eBird Taxonomy v2025,38ae7e68a03b651e8056e2f4abfad898533a12dbd9343f0e01cb2723ec20aaeb,excluded,TRUE,FALSE,excluded_no_named_species_allocation,eBird Taxonomy v2025
,,,,avibase-87C71E31,2024,2025,115,hybrid,Mallard x Green-winged Teal (hybrid),Anas platyrhynchos x crecca,"","",x00670,hybrid,Mallard x Green-winged Teal (hybrid),Anas platyrhynchos x crecca,"",Mallard x Green-winged Teal (hybrid),Anas platyrhynchos x crecca,TRUE,TRUE,TRUE,ambiguous_or_excluded_no_species_allocation,FALSE,FALSE,excluded_ambiguous,eBird Taxonomy v2025,38ae7e68a03b651e8056e2f4abfad898533a12dbd9343f0e01cb2723ec20aaeb,excluded,TRUE,FALSE,excluded_no_named_species_allocation,eBird Taxonomy v2025
,,,,avibase-C43B9DC2,1988,2025,448,hybrid,Mallard x Northern Pintail (hybrid),Anas platyrhynchos x acuta,"","",x00628,hybrid,Mallard x Northern Pintail (hybrid),Anas platyrhynchos x acuta,"",Mallard x Northern Pintail (hybrid),Anas platyrhynchos x acuta,TRUE,TRUE,TRUE,ambiguous_or_excluded_no_species_allocation,FALSE,FALSE,excluded_ambiguous,eBird Taxonomy v2025,38ae7e68a03b651e8056e2f4abfad898533a12dbd9343f0e01cb2723ec20aaeb,excluded,TRUE,FALSE,excluded_no_named_species_allocation,eBird Taxonomy v2025
,,,,avibase-350EA57F,2025,2025,3,hybrid,Mallard x Red-crested Pochard (hybrid),Anas platyrhynchos x Netta rufina,"","",x00648,hybrid,Mallard x Red-crested Pochard (hybrid),Anas platyrhynchos x Netta rufina,"",Mallard x Red-crested Pochard (hybrid),Anas platyrhynchos x Netta rufina,TRUE,TRUE,TRUE,ambiguous_or_excluded_no_species_allocation,FALSE,FALSE,excluded_ambiguous,eBird Taxonomy v2025,38ae7e68a03b651e8056e2f4abfad898533a12dbd9343f0e01cb2723ec20aaeb,excluded,TRUE,FALSE,excluded_no_named_species_allocation,eBird Taxonomy v2025
,,,,avibase-CFF55AC9,2009,2025,47,hybrid,Muscovy Duck x Mallard (hybrid),Cairina moschata x Anas platyrhynchos,"","",mdxmal1,hybrid,Muscovy Duck x Mallard (hybrid),Cairina moschata x Anas platyrhynchos,"",Muscovy Duck x Mallard (hybrid),Cairina moschata x Anas platyrhynchos,TRUE,TRUE,TRUE,ambiguous_or_excluded_no_species_allocation,FALSE,FALSE,excluded_ambiguous,eBird Taxonomy v2025,38ae7e68a03b651e8056e2f4abfad898533a12dbd9343f0e01cb2723ec20aaeb,excluded,TRUE,FALSE,excluded_no_named_species_allocation,eBird Taxonomy v2025
,,,,avibase-2C1F8DC4,2022,2022,9,hybrid,Northern Pintail x Green-winged Teal (hybrid),Anas acuta x crecca,"","",x00725,hybrid,Northern Pintail x Green-winged Teal (hybrid),Anas acuta x crecca,"",Northern Pintail x Green-winged Teal (hybrid),Anas acuta x crecca,TRUE,TRUE,TRUE,ambiguous_or_excluded_no_species_allocation,FALSE,FALSE,excluded_ambiguous,eBird Taxonomy v2025,38ae7e68a03b651e8056e2f4abfad898533a12dbd9343f0e01cb2723ec20aaeb,excluded,TRUE,FALSE,excluded_no_named_species_allocation,eBird Taxonomy v2025
,,,,avibase-C9A40ADF,2011,2024,3,hybrid,Northern Shoveler x Mallard (hybrid),Spatula clypeata x Anas platyrhynchos,"","",x00612,hybrid,Northern Shoveler x Mallard (hybrid),Spatula clypeata x Anas platyrhynchos,"",Northern Shoveler x Mallard (hybrid),Spatula clypeata x Anas platyrhynchos,TRUE,TRUE,TRUE,ambiguous_or_excluded_no_species_allocation,FALSE,FALSE,excluded_ambiguous,eBird Taxonomy v2025,38ae7e68a03b651e8056e2f4abfad898533a12dbd9343f0e01cb2723ec20aaeb,excluded,TRUE,FALSE,excluded_no_named_species_allocation,eBird Taxonomy v2025
,,,,avibase-94A6467E,2022,2025,9,hybrid,Ring-billed x California Gull (hybrid),Larus delawarensis x californicus,"","",x01183,hybrid,Ring-billed x California Gull (hybrid),Larus delawarensis x californicus,"",Ring-billed x California Gull (hybrid),Larus delawarensis x californicus,TRUE,TRUE,TRUE,ambiguous_or_excluded_no_species_allocation,FALSE,FALSE,excluded_ambiguous,eBird Taxonomy v2025,38ae7e68a03b651e8056e2f4abfad898533a12dbd9343f0e01cb2723ec20aaeb,excluded,TRUE,FALSE,excluded_no_named_species_allocation,eBird Taxonomy v2025
,,,,avibase-BCFDB0E0,2009,2021,4,hybrid,Ring-necked Duck x Greater Scaup (hybrid),Aythya collaris x marila,"","",x00779,hybrid,Ring-necked Duck x Greater Scaup (hybrid),Aythya collaris x marila,"",Ring-necked Duck x Greater Scaup (hybrid),Aythya collaris x marila,TRUE,TRUE,TRUE,ambiguous_or_excluded_no_species_allocation,FALSE,FALSE,excluded_ambiguous,eBird Taxonomy v2025,38ae7e68a03b651e8056e2f4abfad898533a12dbd9343f0e01cb2723ec20aaeb,excluded,TRUE,FALSE,excluded_no_named_species_allocation,eBird Taxonomy v2025
,,,,avibase-BCC6A3E7,2017,2023,3,hybrid,Ring-necked Duck x Lesser Scaup (hybrid),Aythya collaris x affinis,"","",x00613,hybrid,Ring-necked Duck x Lesser Scaup (hybrid),Aythya collaris x affinis,"",Ring-necked Duck x Lesser Scaup (hybrid),Aythya collaris x affinis,TRUE,TRUE,TRUE,ambiguous_or_excluded_no_species_allocation,FALSE,FALSE,excluded_ambiguous,eBird Taxonomy v2025,38ae7e68a03b651e8056e2f4abfad898533a12dbd9343f0e01cb2723ec20aaeb,excluded,TRUE,FALSE,excluded_no_named_species_allocation,eBird Taxonomy v2025
,,,,avibase-2B052BAC,2023,2023,4,hybrid,Surf x White-winged Scoter (hybrid),Melanitta perspicillata x deglandi,"","",x00882,hybrid,Surf x White-winged Scoter (hybrid),Melanitta perspicillata x deglandi,"",Surf x White-winged Scoter (hybrid),Melanitta perspicillata x deglandi,TRUE,TRUE,TRUE,ambiguous_or_excluded_no_species_allocation,FALSE,FALSE,excluded_ambiguous,eBird Taxonomy v2025,38ae7e68a03b651e8056e2f4abfad898533a12dbd9343f0e01cb2723ec20aaeb,excluded,TRUE,FALSE,excluded_no_named_species_allocation,eBird Taxonomy v2025
,,,,avibase-5B8001AC,2016,2017,2,hybrid,Swan x Canada Goose (hybrid),Anser cygnoides x Branta canadensis,"","",swagoo3,hybrid,Swan x Canada Goose (hybrid),Anser cygnoides x Branta canadensis,"",Swan x Canada Goose (hybrid),Anser cygnoides x Branta canadensis,TRUE,TRUE,TRUE,ambiguous_or_excluded_no_species_allocation,FALSE,FALSE,excluded_ambiguous,eBird Taxonomy v2025,38ae7e68a03b651e8056e2f4abfad898533a12dbd9343f0e01cb2723ec20aaeb,excluded,TRUE,FALSE,excluded_no_named_species_allocation,eBird Taxonomy v2025
,,,,avibase-22E3C7AB,2024,2024,12,hybrid,Tufted Duck x Greater Scaup (hybrid),Aythya fuligula x marila,"","",x00654,hybrid,Tufted Duck x Greater Scaup (hybrid),Aythya fuligula x marila,"",Tufted Duck x Greater Scaup (hybrid),Aythya fuligula x marila,TRUE,TRUE,TRUE,ambiguous_or_excluded_no_species_allocation,FALSE,FALSE,excluded_ambiguous,eBird Taxonomy v2025,38ae7e68a03b651e8056e2f4abfad898533a12dbd9343f0e01cb2723ec20aaeb,excluded,TRUE,FALSE,excluded_no_named_species_allocation,eBird Taxonomy v2025
,,,,avibase-C9E2D2D2,2020,2024,4,hybrid,Tufted Duck x Lesser Scaup (hybrid),Aythya fuligula x affinis,"","",x00653,hybrid,Tufted Duck x Lesser Scaup (hybrid),Aythya fuligula x affinis,"",Tufted Duck x Lesser Scaup (hybrid),Aythya fuligula x affinis,TRUE,TRUE,TRUE,ambiguous_or_excluded_no_species_allocation,FALSE,FALSE,excluded_ambiguous,eBird Taxonomy v2025,38ae7e68a03b651e8056e2f4abfad898533a12dbd9343f0e01cb2723ec20aaeb,excluded,TRUE,FALSE,excluded_no_named_species_allocation,eBird Taxonomy v2025
,,,,avibase-1BFB023C,2018,2025,33,hybrid,Western x Clark's Grebe (hybrid),Aechmophorus occidentalis x clarkii,"","",x00427,hybrid,Western x Clark's Grebe (hybrid),Aechmophorus occidentalis x clarkii,"",Western x Clark's Grebe (hybrid),Aechmophorus occidentalis x clarkii,TRUE,TRUE,TRUE,ambiguous_or_excluded_no_species_allocation,FALSE,FALSE,excluded_ambiguous,eBird Taxonomy v2025,38ae7e68a03b651e8056e2f4abfad898533a12dbd9343f0e01cb2723ec20aaeb,excluded,TRUE,FALSE,excluded_no_named_species_allocation,eBird Taxonomy v2025
,,,,avibase-48386568,1988,2025,27646,hybrid,Western x Glaucous-winged Gull (hybrid),Larus occidentalis x glaucescens,"","",x00051,hybrid,Western x Glaucous-winged Gull (hybrid),Larus occidentalis x glaucescens,"",Western x Glaucous-winged Gull (hybrid),Larus occidentalis x glaucescens,TRUE,TRUE,TRUE,ambiguous_or_excluded_no_species_allocation,FALSE,FALSE,excluded_ambiguous,eBird Taxonomy v2025,38ae7e68a03b651e8056e2f4abfad898533a12dbd9343f0e01cb2723ec20aaeb,excluded,TRUE,FALSE,excluded_no_named_species_allocation,eBird Taxonomy v2025
Iceland Gull,,,secondary_focal,avibase-8060D661,2021,2021,1,intergrade,Iceland Gull,Larus glaucoides,Iceland Gull (Thayer's x Iceland),Larus glaucoides thayeri x glaucoides/kumlieni,x00435,intergrade,Iceland Gull (Thayer's x Iceland),Larus glaucoides thayeri x glaucoides/kumlieni,y00478,Iceland Gull (Thayer's x Iceland),Larus glaucoides thayeri x glaucoides/kumlieni,TRUE,TRUE,TRUE,ambiguous_or_excluded_no_species_allocation,TRUE,FALSE,excluded_ambiguous,eBird Taxonomy v2025,38ae7e68a03b651e8056e2f4abfad898533a12dbd9343f0e01cb2723ec20aaeb,excluded,TRUE,FALSE,excluded_no_named_species_allocation,eBird Taxonomy v2025
Brant,atx_59441ff7abde,ebird_v2025:avibase-3E04020B,secondary_focal,avibase-8C09000A,1988,2025,2062,issf,Brant,Branta bernicla,Brant (Black),Branta bernicla nigricans,blkbra1,issf,Brant (Black),Branta bernicla nigricans,brant,Brant (Black),Branta bernicla nigricans,TRUE,TRUE,TRUE,candidate_parent_collapse,FALSE,FALSE,parent_collapse,eBird Taxonomy v2025,38ae7e68a03b651e8056e2f4abfad898533a12dbd9343f0e01cb2723ec20aaeb,approved,TRUE,TRUE,approved_unique_issf_parent_collapse,eBird Taxonomy v2025
California Gull,atx_c12b832d2b03,ebird_v2025:avibase-7FCE8A43,secondary_focal,avibase-F3D4B886,2017,2017,2,issf,California Gull,Larus californicus,California Gull (albertaensis),Larus californicus albertaensis,calgul2,issf,California Gull (albertaensis),Larus californicus albertaensis,calgul,California Gull (albertaensis),Larus californicus albertaensis,TRUE,TRUE,TRUE,candidate_parent_collapse,FALSE,FALSE,parent_collapse,eBird Taxonomy v2025,38ae7e68a03b651e8056e2f4abfad898533a12dbd9343f0e01cb2723ec20aaeb,approved,TRUE,TRUE,approved_unique_issf_parent_collapse,eBird Taxonomy v2025
California Gull,atx_c12b832d2b03,ebird_v2025:avibase-7FCE8A43,secondary_focal,avibase-315CA2A0,2017,2025,3,issf,California Gull,Larus californicus,California Gull (californicus),Larus californicus californicus,calgul1,issf,California Gull (californicus),Larus californicus californicus,calgul,California Gull (californicus),Larus californicus californicus,TRUE,TRUE,TRUE,candidate_parent_collapse,FALSE,FALSE,parent_collapse,eBird Taxonomy v2025,38ae7e68a03b651e8056e2f4abfad898533a12dbd9343f0e01cb2723ec20aaeb,approved,TRUE,TRUE,approved_unique_issf_parent_collapse,eBird Taxonomy v2025
Canada Goose,atx_b3d3ea90f9cb,ebird_v2025:avibase-B59E1863,guild_only_exploratory,avibase-AB3F42B4,2015,2016,3,issf,Canada Goose,Branta canadensis,Canada Goose (canadensis Group),Branta canadensis [canadensis Group],cangoo1,issf,Canada Goose (canadensis Group),Branta canadensis [canadensis Group],cangoo,Canada Goose (canadensis Group),Branta canadensis [canadensis Group],TRUE,TRUE,TRUE,candidate_parent_collapse,FALSE,FALSE,parent_collapse,eBird Taxonomy v2025,38ae7e68a03b651e8056e2f4abfad898533a12dbd9343f0e01cb2723ec20aaeb,approved,TRUE,TRUE,approved_unique_issf_parent_collapse,eBird Taxonomy v2025
Canada Goose,atx_b3d3ea90f9cb,ebird_v2025:avibase-B59E1863,guild_only_exploratory,avibase-D44C5CFA,1990,2025,18,issf,Canada Goose,Branta canadensis,Canada Goose (moffitti/maxima),Branta canadensis moffitti/maxima,cangoo4,issf,Canada Goose (moffitti/maxima),Branta canadensis moffitti/maxima,cangoo,Canada Goose (moffitti/maxima),Branta canadensis moffitti/maxima,TRUE,TRUE,TRUE,candidate_parent_collapse,FALSE,FALSE,parent_collapse,eBird Taxonomy v2025,38ae7e68a03b651e8056e2f4abfad898533a12dbd9343f0e01cb2723ec20aaeb,approved,TRUE,TRUE,approved_unique_issf_parent_collapse,eBird Taxonomy v2025
Canada Goose,atx_b3d3ea90f9cb,ebird_v2025:avibase-B59E1863,guild_only_exploratory,avibase-90F340D4,2002,2025,1345,issf,Canada Goose,Branta canadensis,Canada Goose (occidentalis/fulva),Branta canadensis occidentalis/fulva,cangoo3,issf,Canada Goose (occidentalis/fulva),Branta canadensis occidentalis/fulva,cangoo,Canada Goose (occidentalis/fulva),Branta canadensis occidentalis/fulva,TRUE,TRUE,TRUE,candidate_parent_collapse,FALSE,FALSE,parent_collapse,eBird Taxonomy v2025,38ae7e68a03b651e8056e2f4abfad898533a12dbd9343f0e01cb2723ec20aaeb,approved,TRUE,TRUE,approved_unique_issf_parent_collapse,eBird Taxonomy v2025
Common Merganser,atx_35518e24dfdd,ebird_v2025:avibase-407E2CA8,secondary_focal,avibase-ADC4A445,1988,2025,5247,issf,Common Merganser,Mergus merganser,Common Merganser (North American),Mergus merganser americanus,commer1,issf,Common Merganser (North American),Mergus merganser americanus,commer,Common Merganser (North American),Mergus merganser americanus,TRUE,TRUE,TRUE,candidate_parent_collapse,FALSE,FALSE,parent_collapse,eBird Taxonomy v2025,38ae7e68a03b651e8056e2f4abfad898533a12dbd9343f0e01cb2723ec20aaeb,approved,TRUE,TRUE,approved_unique_issf_parent_collapse,eBird Taxonomy v2025
Gadwall,atx_eeefc021901e,ebird_v2025:avibase-C235A4D7,negative_control_candidate,avibase-9227AE60,1997,2025,18,issf,Gadwall,Mareca strepera,Gadwall (Common),Mareca strepera strepera,gadwal1,issf,Gadwall (Common),Mareca strepera strepera,gadwal,Gadwall (Common),Mareca strepera strepera,TRUE,TRUE,TRUE,candidate_parent_collapse,FALSE,FALSE,parent_collapse,eBird Taxonomy v2025,38ae7e68a03b651e8056e2f4abfad898533a12dbd9343f0e01cb2723ec20aaeb,approved,TRUE,TRUE,approved_unique_issf_parent_collapse,eBird Taxonomy v2025
Great Blue Heron,atx_7b80ddaff058,ebird_v2025:avibase-93694BB5,guild_only_exploratory,avibase-6A9DD06F,1990,2025,9381,issf,Great Blue Heron,Ardea herodias,Great Blue Heron (Great Blue),Ardea herodias [herodias Group],grbher,issf,Great Blue Heron (Great Blue),Ardea herodias [herodias Group],grbher3,Great Blue Heron (Great Blue),Ardea herodias [herodias Group],TRUE,TRUE,TRUE,candidate_parent_collapse,FALSE,FALSE,parent_collapse,eBird Taxonomy v2025,38ae7e68a03b651e8056e2f4abfad898533a12dbd9343f0e01cb2723ec20aaeb,approved,TRUE,TRUE,approved_unique_issf_parent_collapse,eBird Taxonomy v2025
Iceland Gull,atx_aa5353f6d6d2,ebird_v2025:avibase-FB4FCB27,secondary_focal,avibase-69E83944,1988,2025,14008,issf,Iceland Gull,Larus glaucoides,Iceland Gull (Thayer's),Larus glaucoides thayeri,thagul,issf,Iceland Gull (Thayer's),Larus glaucoides thayeri,y00478,Iceland Gull (Thayer's),Larus glaucoides thayeri,TRUE,TRUE,TRUE,candidate_parent_collapse,TRUE,FALSE,parent_collapse,eBird Taxonomy v2025,38ae7e68a03b651e8056e2f4abfad898533a12dbd9343f0e01cb2723ec20aaeb,approved,TRUE,TRUE,approved_unique_issf_parent_collapse,eBird Taxonomy v2025
Iceland Gull,atx_aa5353f6d6d2,ebird_v2025:avibase-FB4FCB27,secondary_focal,avibase-D7148946,1998,2022,7,issf,Iceland Gull,Larus glaucoides,Iceland Gull (glaucoides),Larus glaucoides glaucoides,icegul1,issf,Iceland Gull (glaucoides),Larus glaucoides glaucoides,y00478,Iceland Gull (glaucoides),Larus glaucoides glaucoides,TRUE,TRUE,TRUE,candidate_parent_collapse,TRUE,FALSE,parent_collapse,eBird Taxonomy v2025,38ae7e68a03b651e8056e2f4abfad898533a12dbd9343f0e01cb2723ec20aaeb,approved,TRUE,TRUE,approved_unique_issf_parent_collapse,eBird Taxonomy v2025
Iceland Gull,atx_aa5353f6d6d2,ebird_v2025:avibase-FB4FCB27,secondary_focal,avibase-0C55DFCC,1998,2025,282,issf,Iceland Gull,Larus glaucoides,Iceland Gull (kumlieni),Larus glaucoides kumlieni,kumgul1,issf,Iceland Gull (kumlieni),Larus glaucoides kumlieni,y00478,Iceland Gull (kumlieni),Larus glaucoides kumlieni,TRUE,TRUE,TRUE,candidate_parent_collapse,TRUE,FALSE,parent_collapse,eBird Taxonomy v2025,38ae7e68a03b651e8056e2f4abfad898533a12dbd9343f0e01cb2723ec20aaeb,approved,TRUE,TRUE,approved_unique_issf_parent_collapse,eBird Taxonomy v2025
,,,,avibase-DC679FC7,2015,2025,4,issf,Lesser Black-backed Gull,Larus fuscus,Lesser Black-backed Gull (graellsii),Larus fuscus graellsii,lbbgul3,issf,Lesser Black-backed Gull (graellsii),Larus fuscus graellsii,lbbgul,Lesser Black-backed Gull (graellsii),Larus fuscus graellsii,TRUE,TRUE,TRUE,not_selected_pending,FALSE,FALSE,excluded_ambiguous,eBird Taxonomy v2025,38ae7e68a03b651e8056e2f4abfad898533a12dbd9343f0e01cb2723ec20aaeb,excluded,TRUE,FALSE,excluded_not_selected_or_unreliable,eBird Taxonomy v2025
Pigeon Guillemot,atx_8608f2ed61cf,ebird_v2025:avibase-2F5DF476,guild_only_exploratory,avibase-D6A4349D,2015,2017,2,issf,Pigeon Guillemot,Cepphus columba,Pigeon Guillemot (columba Group),Cepphus columba [columba Group],piggui1,issf,Pigeon Guillemot (columba Group),Cepphus columba [columba Group],piggui,Pigeon Guillemot (columba Group),Cepphus columba [columba Group],TRUE,TRUE,TRUE,candidate_parent_collapse,FALSE,FALSE,parent_collapse,eBird Taxonomy v2025,38ae7e68a03b651e8056e2f4abfad898533a12dbd9343f0e01cb2723ec20aaeb,approved,TRUE,TRUE,approved_unique_issf_parent_collapse,eBird Taxonomy v2025
,,,,avibase-4347194D,2017,2017,1,slash,American Herring/Glaucous-winged Gull,Larus smithsonianus/glaucescens,"","",y00956,slash,American Herring/Glaucous-winged Gull,Larus smithsonianus/glaucescens,"",American Herring/Glaucous-winged Gull,Larus smithsonianus/glaucescens,TRUE,TRUE,TRUE,ambiguous_or_excluded_no_species_allocation,FALSE,FALSE,excluded_ambiguous,eBird Taxonomy v2025,38ae7e68a03b651e8056e2f4abfad898533a12dbd9343f0e01cb2723ec20aaeb,excluded,TRUE,FALSE,excluded_no_named_species_allocation,eBird Taxonomy v2025
,,,,avibase-C8871F1D,2016,2025,88,slash,American Herring/Iceland Gull,Larus smithsonianus/glaucoides,"","",y00682,slash,American Herring/Iceland Gull,Larus smithsonianus/glaucoides,"",American Herring/Iceland Gull,Larus smithsonianus/glaucoides,TRUE,TRUE,TRUE,ambiguous_or_excluded_no_species_allocation,FALSE,FALSE,excluded_ambiguous,eBird Taxonomy v2025,38ae7e68a03b651e8056e2f4abfad898533a12dbd9343f0e01cb2723ec20aaeb,excluded,TRUE,FALSE,excluded_no_named_species_allocation,eBird Taxonomy v2025
,,,,avibase-25B17201,2018,2018,1,slash,American Herring/Vega Gull,Larus smithsonianus/vegae,"","",y01294,slash,American Herring/Vega Gull,Larus smithsonianus/vegae,"",American Herring/Vega Gull,Larus smithsonianus/vegae,TRUE,TRUE,TRUE,ambiguous_or_excluded_no_species_allocation,FALSE,FALSE,excluded_ambiguous,eBird Taxonomy v2025,38ae7e68a03b651e8056e2f4abfad898533a12dbd9343f0e01cb2723ec20aaeb,excluded,TRUE,FALSE,excluded_no_named_species_allocation,eBird Taxonomy v2025
,,,,avibase-C600B65C,1993,2025,1120,slash,Cackling/Canada Goose,Branta hutchinsii/canadensis,"","",y00470,slash,Cackling/Canada Goose,Branta hutchinsii/canadensis,"",Cackling/Canada Goose,Branta hutchinsii/canadensis,TRUE,TRUE,TRUE,ambiguous_or_excluded_no_species_allocation,FALSE,FALSE,excluded_ambiguous,eBird Taxonomy v2025,38ae7e68a03b651e8056e2f4abfad898533a12dbd9343f0e01cb2723ec20aaeb,excluded,TRUE,FALSE,excluded_no_named_species_allocation,eBird Taxonomy v2025
,,,,avibase-1DA8E8A4,1988,2025,2758,slash,Common/Barrow's Goldeneye,Bucephala clangula/islandica,"","",y00004,slash,Common/Barrow's Goldeneye,Bucephala clangula/islandica,"",Common/Barrow's Goldeneye,Bucephala clangula/islandica,TRUE,TRUE,TRUE,ambiguous_or_excluded_no_species_allocation,FALSE,FALSE,excluded_ambiguous,eBird Taxonomy v2025,38ae7e68a03b651e8056e2f4abfad898533a12dbd9343f0e01cb2723ec20aaeb,excluded,TRUE,FALSE,excluded_no_named_species_allocation,eBird Taxonomy v2025
,,,,avibase-D15C6A4C,1988,2025,530,slash,Common/Red-breasted Merganser,Mergus merganser/serrator,"","",y00224,slash,Common/Red-breasted Merganser,Mergus merganser/serrator,"",Common/Red-breasted Merganser,Mergus merganser/serrator,TRUE,TRUE,TRUE,ambiguous_or_excluded_no_species_allocation,FALSE,FALSE,excluded_ambiguous,eBird Taxonomy v2025,38ae7e68a03b651e8056e2f4abfad898533a12dbd9343f0e01cb2723ec20aaeb,excluded,TRUE,FALSE,excluded_no_named_species_allocation,eBird Taxonomy v2025
,,,,avibase-0C290EA6,2025,2025,1,slash,Common/Short-billed Gull,Larus canus/brachyrhynchus,"","",y00441,slash,Common/Short-billed Gull,Larus canus/brachyrhynchus,"",Common/Short-billed Gull,Larus canus/brachyrhynchus,TRUE,TRUE,TRUE,ambiguous_or_excluded_no_species_allocation,FALSE,FALSE,excluded_ambiguous,eBird Taxonomy v2025,38ae7e68a03b651e8056e2f4abfad898533a12dbd9343f0e01cb2723ec20aaeb,excluded,TRUE,FALSE,excluded_no_named_species_allocation,eBird Taxonomy v2025
,,,,avibase-A90DD90B,2013,2024,4,slash,Common/Yellow-billed Loon,Gavia immer/adamsii,"","",y00220,slash,Common/Yellow-billed Loon,Gavia immer/adamsii,"",Common/Yellow-billed Loon,Gavia immer/adamsii,TRUE,TRUE,TRUE,ambiguous_or_excluded_no_species_allocation,FALSE,FALSE,excluded_ambiguous,eBird Taxonomy v2025,38ae7e68a03b651e8056e2f4abfad898533a12dbd9343f0e01cb2723ec20aaeb,excluded,TRUE,FALSE,excluded_no_named_species_allocation,eBird Taxonomy v2025
,,,,avibase-EEA2C311,2016,2025,102,slash,Eurasian/American Wigeon,Mareca penelope/americana,"","",y00670,slash,Eurasian/American Wigeon,Mareca penelope/americana,"",Eurasian/American Wigeon,Mareca penelope/americana,TRUE,TRUE,TRUE,ambiguous_or_excluded_no_species_allocation,FALSE,FALSE,excluded_ambiguous,eBird Taxonomy v2025,38ae7e68a03b651e8056e2f4abfad898533a12dbd9343f0e01cb2723ec20aaeb,excluded,TRUE,FALSE,excluded_no_named_species_allocation,eBird Taxonomy v2025
,,,,avibase-23989DC8,2017,2025,193,slash,Golden/Bald Eagle,Aquila chrysaetos/Haliaeetus leucocephalus,"","",y00944,slash,Golden/Bald Eagle,Aquila chrysaetos/Haliaeetus leucocephalus,"",Golden/Bald Eagle,Aquila chrysaetos/Haliaeetus leucocephalus,TRUE,TRUE,TRUE,ambiguous_or_excluded_no_species_allocation,FALSE,FALSE,excluded_ambiguous,eBird Taxonomy v2025,38ae7e68a03b651e8056e2f4abfad898533a12dbd9343f0e01cb2723ec20aaeb,excluded,TRUE,FALSE,excluded_no_named_species_allocation,eBird Taxonomy v2025
,,,,avibase-83610FC3,1988,2025,8536,slash,Greater/Lesser Scaup,Aythya marila/affinis,"","",scaup,slash,Greater/Lesser Scaup,Aythya marila/affinis,"",Greater/Lesser Scaup,Aythya marila/affinis,TRUE,TRUE,TRUE,ambiguous_or_excluded_no_species_allocation,FALSE,FALSE,excluded_ambiguous,eBird Taxonomy v2025,38ae7e68a03b651e8056e2f4abfad898533a12dbd9343f0e01cb2723ec20aaeb,excluded,TRUE,FALSE,excluded_no_named_species_allocation,eBird Taxonomy v2025
,,,,avibase-8AD5E890,1988,2025,340,slash,Horned/Eared Grebe,Podiceps auritus/nigricollis,"","",y00229,slash,Horned/Eared Grebe,Podiceps auritus/nigricollis,"",Horned/Eared Grebe,Podiceps auritus/nigricollis,TRUE,TRUE,TRUE,ambiguous_or_excluded_no_species_allocation,FALSE,FALSE,excluded_ambiguous,eBird Taxonomy v2025,38ae7e68a03b651e8056e2f4abfad898533a12dbd9343f0e01cb2723ec20aaeb,excluded,TRUE,FALSE,excluded_no_named_species_allocation,eBird Taxonomy v2025
,,,,avibase-D6F5A788,2011,2021,2,slash,Mallard/Mexican Duck,Anas platyrhynchos/diazi,"","",mallar,slash,Mallard/Mexican Duck,Anas platyrhynchos/diazi,"",Mallard/Mexican Duck,Anas platyrhynchos/diazi,TRUE,TRUE,TRUE,ambiguous_or_excluded_no_species_allocation,FALSE,FALSE,excluded_ambiguous,eBird Taxonomy v2025,38ae7e68a03b651e8056e2f4abfad898533a12dbd9343f0e01cb2723ec20aaeb,excluded,TRUE,FALSE,excluded_no_named_species_allocation,eBird Taxonomy v2025
,,,,avibase-B2BB260C,2015,2025,101,slash,Surf/Black Scoter,Melanitta perspicillata/americana,"","",dawsco,slash,Surf/Black Scoter,Melanitta perspicillata/americana,"",Surf/Black Scoter,Melanitta perspicillata/americana,TRUE,TRUE,TRUE,ambiguous_or_excluded_no_species_allocation,FALSE,FALSE,excluded_ambiguous,eBird Taxonomy v2025,38ae7e68a03b651e8056e2f4abfad898533a12dbd9343f0e01cb2723ec20aaeb,excluded,TRUE,FALSE,excluded_no_named_species_allocation,eBird Taxonomy v2025
,,,,avibase-64C58CEE,2024,2024,9,slash,Thick-billed/Common Murre,Uria lomvia/aalge,"","",murre,slash,Thick-billed/Common Murre,Uria lomvia/aalge,"",Thick-billed/Common Murre,Uria lomvia/aalge,TRUE,TRUE,TRUE,ambiguous_or_excluded_no_species_allocation,FALSE,FALSE,excluded_ambiguous,eBird Taxonomy v2025,38ae7e68a03b651e8056e2f4abfad898533a12dbd9343f0e01cb2723ec20aaeb,excluded,TRUE,FALSE,excluded_no_named_species_allocation,eBird Taxonomy v2025
,,,,avibase-8C602FD9,2018,2018,1,slash,Velvet/White-winged/Stejneger's Scoter,Melanitta fusca/deglandi/stejnegeri,"","",whwsco,slash,Velvet/White-winged/Stejneger's Scoter,Melanitta fusca/deglandi/stejnegeri,"",Velvet/White-winged/Stejneger's Scoter,Melanitta fusca/deglandi/stejnegeri,TRUE,TRUE,TRUE,ambiguous_or_excluded_no_species_allocation,FALSE,FALSE,excluded_ambiguous,eBird Taxonomy v2025,38ae7e68a03b651e8056e2f4abfad898533a12dbd9343f0e01cb2723ec20aaeb,excluded,TRUE,FALSE,excluded_no_named_species_allocation,eBird Taxonomy v2025
,,,,avibase-4728D9BF,1988,2025,64,slash,Western/Clark's Grebe,Aechmophorus occidentalis/clarkii,"","",y00012,slash,Western/Clark's Grebe,Aechmophorus occidentalis/clarkii,"",Western/Clark's Grebe,Aechmophorus occidentalis/clarkii,TRUE,TRUE,TRUE,ambiguous_or_excluded_no_species_allocation,FALSE,FALSE,excluded_ambiguous,eBird Taxonomy v2025,38ae7e68a03b651e8056e2f4abfad898533a12dbd9343f0e01cb2723ec20aaeb,excluded,TRUE,FALSE,excluded_no_named_species_allocation,eBird Taxonomy v2025
,,,,avibase-BE959048,1989,2025,1499,slash,Western/Glaucous-winged Gull,Larus occidentalis/glaucescens,"","",y00656,slash,Western/Glaucous-winged Gull,Larus occidentalis/glaucescens,"",Western/Glaucous-winged Gull,Larus occidentalis/glaucescens,TRUE,TRUE,TRUE,ambiguous_or_excluded_no_species_allocation,FALSE,FALSE,excluded_ambiguous,eBird Taxonomy v2025,38ae7e68a03b651e8056e2f4abfad898533a12dbd9343f0e01cb2723ec20aaeb,excluded,TRUE,FALSE,excluded_no_named_species_allocation,eBird Taxonomy v2025
American Crow,atx_c9db024faf12,ebird_v2025:avibase-69544B59,guild_only_exploratory,avibase-69544B59,1988,2025,597312,species,American Crow,Corvus brachyrhynchos,"","",amecro,species,American Crow,Corvus brachyrhynchos,"",American Crow,Corvus brachyrhynchos,TRUE,TRUE,TRUE,candidate_identity,TRUE,TRUE,guild_control_overlap,eBird Taxonomy v2025,38ae7e68a03b651e8056e2f4abfad898533a12dbd9343f0e01cb2723ec20aaeb,approved,FALSE,TRUE,approved_current_species_identity,eBird Taxonomy v2025
American Herring Gull,atx_7571c026ae99,ebird_v2025:avibase-60F32AF8,secondary_focal,avibase-60F32AF8,1988,2025,21853,species,American Herring Gull,Larus smithsonianus,"","",amhgul1,species,American Herring Gull,Larus smithsonianus,"",American Herring Gull,Larus smithsonianus,TRUE,TRUE,TRUE,candidate_identity,TRUE,TRUE,exact_species,eBird Taxonomy v2025,38ae7e68a03b651e8056e2f4abfad898533a12dbd9343f0e01cb2723ec20aaeb,approved,FALSE,TRUE,approved_current_species_identity,eBird Taxonomy v2025
American Wigeon,atx_a113baee5693,ebird_v2025:avibase-D201EB72,guild_only_exploratory,avibase-D201EB72,1988,2025,186856,species,American Wigeon,Mareca americana,"","",amewig,species,American Wigeon,Mareca americana,"",American Wigeon,Mareca americana,TRUE,TRUE,TRUE,candidate_identity,FALSE,TRUE,guild_control_overlap,eBird Taxonomy v2025,38ae7e68a03b651e8056e2f4abfad898533a12dbd9343f0e01cb2723ec20aaeb,approved,FALSE,TRUE,approved_current_species_identity,eBird Taxonomy v2025
,,,,avibase-CA5852BE,2001,2012,5,species,Arctic Loon,Gavia arctica,"","",arcloo,species,Arctic Loon,Gavia arctica,"",Arctic Loon,Gavia arctica,TRUE,TRUE,TRUE,not_selected_pending,FALSE,FALSE,excluded_ambiguous,eBird Taxonomy v2025,38ae7e68a03b651e8056e2f4abfad898533a12dbd9343f0e01cb2723ec20aaeb,excluded,TRUE,FALSE,excluded_not_selected_or_unreliable,eBird Taxonomy v2025
Bald Eagle,atx_fc0a9b777dcd,ebird_v2025:avibase-FED3756C,secondary_focal,avibase-FED3756C,1988,2025,412436,species,Bald Eagle,Haliaeetus leucocephalus,"","",baleag,species,Bald Eagle,Haliaeetus leucocephalus,"",Bald Eagle,Haliaeetus leucocephalus,TRUE,TRUE,TRUE,candidate_identity,FALSE,TRUE,exact_species,eBird Taxonomy v2025,38ae7e68a03b651e8056e2f4abfad898533a12dbd9343f0e01cb2723ec20aaeb,approved,FALSE,TRUE,approved_current_species_identity,eBird Taxonomy v2025
Barrow's Goldeneye,atx_d7dd9536145c,ebird_v2025:avibase-9456DEDF,secondary_focal,avibase-9456DEDF,1988,2025,70311,species,Barrow's Goldeneye,Bucephala islandica,"","",bargol,species,Barrow's Goldeneye,Bucephala islandica,"",Barrow's Goldeneye,Bucephala islandica,TRUE,TRUE,TRUE,candidate_identity,FALSE,TRUE,exact_species,eBird Taxonomy v2025,38ae7e68a03b651e8056e2f4abfad898533a12dbd9343f0e01cb2723ec20aaeb,approved,FALSE,TRUE,approved_current_species_identity,eBird Taxonomy v2025
Black Scoter,atx_1328b44be502,ebird_v2025:avibase-B7B1A5DD,guild_only_exploratory,avibase-B7B1A5DD,1988,2025,6775,species,Black Scoter,Melanitta americana,"","",blksco2,species,Black Scoter,Melanitta americana,"",Black Scoter,Melanitta americana,TRUE,TRUE,TRUE,candidate_identity,FALSE,TRUE,guild_control_overlap,eBird Taxonomy v2025,38ae7e68a03b651e8056e2f4abfad898533a12dbd9343f0e01cb2723ec20aaeb,approved,FALSE,TRUE,approved_current_species_identity,eBird Taxonomy v2025
Black Turnstone,atx_15dd5efcd8d6,ebird_v2025:avibase-0413ED30,guild_only_exploratory,avibase-0413ED30,1988,2025,20407,species,Black Turnstone,Arenaria melanocephala,"","",blktur,species,Black Turnstone,Arenaria melanocephala,"",Black Turnstone,Arenaria melanocephala,TRUE,TRUE,TRUE,candidate_identity,FALSE,TRUE,guild_control_overlap,eBird Taxonomy v2025,38ae7e68a03b651e8056e2f4abfad898533a12dbd9343f0e01cb2723ec20aaeb,approved,FALSE,TRUE,approved_current_species_identity,eBird Taxonomy v2025
,,,,avibase-FB02DD96,2001,2017,213,species,Black-headed Gull,Chroicocephalus ridibundus,"","",bkhgul,species,Black-headed Gull,Chroicocephalus ridibundus,"",Black-headed Gull,Chroicocephalus ridibundus,TRUE,TRUE,TRUE,not_selected_pending,FALSE,FALSE,excluded_ambiguous,eBird Taxonomy v2025,38ae7e68a03b651e8056e2f4abfad898533a12dbd9343f0e01cb2723ec20aaeb,excluded,TRUE,FALSE,excluded_not_selected_or_unreliable,eBird Taxonomy v2025
,,,,avibase-8C4CE60F,2017,2023,94,species,Black-tailed Gull,Larus crassirostris,"","",bktgul,species,Black-tailed Gull,Larus crassirostris,"",Black-tailed Gull,Larus crassirostris,TRUE,TRUE,TRUE,not_selected_pending,FALSE,FALSE,excluded_ambiguous,eBird Taxonomy v2025,38ae7e68a03b651e8056e2f4abfad898533a12dbd9343f0e01cb2723ec20aaeb,excluded,TRUE,FALSE,excluded_not_selected_or_unreliable,eBird Taxonomy v2025
Bonaparte's Gull,atx_fadb8da1a816,ebird_v2025:avibase-0337440E,secondary_focal,avibase-0337440E,1988,2025,19463,species,Bonaparte's Gull,Chroicocephalus philadelphia,"","",bongul,species,Bonaparte's Gull,Chroicocephalus philadelphia,"",Bonaparte's Gull,Chroicocephalus philadelphia,TRUE,TRUE,TRUE,candidate_identity,FALSE,TRUE,exact_species,eBird Taxonomy v2025,38ae7e68a03b651e8056e2f4abfad898533a12dbd9343f0e01cb2723ec20aaeb,approved,FALSE,TRUE,approved_current_species_identity,eBird Taxonomy v2025
Brandt's Cormorant,atx_98ca0000b734,ebird_v2025:avibase-987A703D,guild_only_exploratory,avibase-987A703D,1988,2025,19672,species,Brandt's Cormorant,Urile penicillatus,"","",bracor,species,Brandt's Cormorant,Urile penicillatus,"",Brandt's Cormorant,Urile penicillatus,TRUE,TRUE,TRUE,candidate_identity,FALSE,TRUE,guild_control_overlap,eBird Taxonomy v2025,38ae7e68a03b651e8056e2f4abfad898533a12dbd9343f0e01cb2723ec20aaeb,approved,FALSE,TRUE,approved_current_species_identity,eBird Taxonomy v2025
Brant,atx_59441ff7abde,ebird_v2025:avibase-3E04020B,secondary_focal,avibase-3E04020B,1988,2025,16246,species,Brant,Branta bernicla,"","",brant,species,Brant,Branta bernicla,"",Brant,Branta bernicla,TRUE,TRUE,TRUE,candidate_identity,FALSE,TRUE,exact_species,eBird Taxonomy v2025,38ae7e68a03b651e8056e2f4abfad898533a12dbd9343f0e01cb2723ec20aaeb,approved,FALSE,TRUE,approved_current_species_identity,eBird Taxonomy v2025
Bufflehead,atx_99238953638b,ebird_v2025:avibase-FB738385,guild_only_exploratory,avibase-FB738385,1988,2025,243697,species,Bufflehead,Bucephala albeola,"","",buffle,species,Bufflehead,Bucephala albeola,"",Bufflehead,Bucephala albeola,TRUE,TRUE,TRUE,candidate_identity,FALSE,TRUE,guild_control_overlap,eBird Taxonomy v2025,38ae7e68a03b651e8056e2f4abfad898533a12dbd9343f0e01cb2723ec20aaeb,approved,FALSE,TRUE,approved_current_species_identity,eBird Taxonomy v2025
California Gull,atx_c12b832d2b03,ebird_v2025:avibase-7FCE8A43,secondary_focal,avibase-7FCE8A43,1988,2025,35873,species,California Gull,Larus californicus,"","",calgul,species,California Gull,Larus californicus,"",California Gull,Larus californicus,TRUE,TRUE,TRUE,candidate_identity,FALSE,TRUE,exact_species,eBird Taxonomy v2025,38ae7e68a03b651e8056e2f4abfad898533a12dbd9343f0e01cb2723ec20aaeb,approved,FALSE,TRUE,approved_current_species_identity,eBird Taxonomy v2025
Canada Goose,atx_b3d3ea90f9cb,ebird_v2025:avibase-B59E1863,guild_only_exploratory,avibase-B59E1863,1988,2025,393025,species,Canada Goose,Branta canadensis,"","",cangoo,species,Canada Goose,Branta canadensis,"",Canada Goose,Branta canadensis,TRUE,TRUE,TRUE,candidate_identity,FALSE,TRUE,guild_control_overlap,eBird Taxonomy v2025,38ae7e68a03b651e8056e2f4abfad898533a12dbd9343f0e01cb2723ec20aaeb,approved,FALSE,TRUE,approved_current_species_identity,eBird Taxonomy v2025
Clark's Grebe,atx_3c2dd2107fbb,ebird_v2025:avibase-D05FFEF7,excluded_or_unreliable,avibase-D05FFEF7,1988,2025,628,species,Clark's Grebe,Aechmophorus clarkii,"","",clagre,species,Clark's Grebe,Aechmophorus clarkii,"",Clark's Grebe,Aechmophorus clarkii,TRUE,TRUE,TRUE,candidate_identity,FALSE,FALSE,exact_species,eBird Taxonomy v2025,38ae7e68a03b651e8056e2f4abfad898533a12dbd9343f0e01cb2723ec20aaeb,excluded,FALSE,FALSE,excluded_not_selected_or_unreliable,eBird Taxonomy v2025
Common Goldeneye,atx_82312e6f2848,ebird_v2025:avibase-68EA281A,secondary_focal,avibase-68EA281A,1988,2025,118261,species,Common Goldeneye,Bucephala clangula,"","",comgol,species,Common Goldeneye,Bucephala clangula,"",Common Goldeneye,Bucephala clangula,TRUE,TRUE,TRUE,candidate_identity,FALSE,TRUE,exact_species,eBird Taxonomy v2025,38ae7e68a03b651e8056e2f4abfad898533a12dbd9343f0e01cb2723ec20aaeb,approved,FALSE,TRUE,approved_current_species_identity,eBird Taxonomy v2025
Common Loon,atx_9ae1aa9b7fdf,ebird_v2025:avibase-7E022378,secondary_focal,avibase-7E022378,1988,2025,96321,species,Common Loon,Gavia immer,"","",comloo,species,Common Loon,Gavia immer,"",Common Loon,Gavia immer,TRUE,TRUE,TRUE,candidate_identity,FALSE,TRUE,exact_species,eBird Taxonomy v2025,38ae7e68a03b651e8056e2f4abfad898533a12dbd9343f0e01cb2723ec20aaeb,approved,FALSE,TRUE,approved_current_species_identity,eBird Taxonomy v2025
Common Merganser,atx_35518e24dfdd,ebird_v2025:avibase-407E2CA8,secondary_focal,avibase-407E2CA8,1988,2025,148881,species,Common Merganser,Mergus merganser,"","",commer,species,Common Merganser,Mergus merganser,"",Common Merganser,Mergus merganser,TRUE,TRUE,TRUE,candidate_identity,FALSE,TRUE,exact_species,eBird Taxonomy v2025,38ae7e68a03b651e8056e2f4abfad898533a12dbd9343f0e01cb2723ec20aaeb,approved,FALSE,TRUE,approved_current_species_identity,eBird Taxonomy v2025
Common Murre,atx_136b0e66254b,ebird_v2025:avibase-39F29B55,guild_only_exploratory,avibase-39F29B55,1988,2025,15846,species,Common Murre,Uria aalge,"","",commur,species,Common Murre,Uria aalge,"",Common Murre,Uria aalge,TRUE,TRUE,TRUE,candidate_identity,FALSE,TRUE,guild_control_overlap,eBird Taxonomy v2025,38ae7e68a03b651e8056e2f4abfad898533a12dbd9343f0e01cb2723ec20aaeb,approved,FALSE,TRUE,approved_current_species_identity,eBird Taxonomy v2025
Double-crested Cormorant,atx_a444854c6b66,ebird_v2025:avibase-3AC46C54,secondary_focal,avibase-3AC46C54,1988,2025,119507,species,Double-crested Cormorant,Nannopterum auritum,"","",doccor,species,Double-crested Cormorant,Nannopterum auritum,"",Double-crested Cormorant,Nannopterum auritum,TRUE,TRUE,TRUE,candidate_identity,FALSE,TRUE,exact_species,eBird Taxonomy v2025,38ae7e68a03b651e8056e2f4abfad898533a12dbd9343f0e01cb2723ec20aaeb,approved,FALSE,TRUE,approved_current_species_identity,eBird Taxonomy v2025
,,,,avibase-32DCEC14,1988,2025,8964,species,Eared Grebe,Podiceps nigricollis,"","",eargre,species,Eared Grebe,Podiceps nigricollis,"",Eared Grebe,Podiceps nigricollis,TRUE,TRUE,TRUE,not_selected_pending,FALSE,FALSE,excluded_ambiguous,eBird Taxonomy v2025,38ae7e68a03b651e8056e2f4abfad898533a12dbd9343f0e01cb2723ec20aaeb,excluded,TRUE,FALSE,excluded_not_selected_or_unreliable,eBird Taxonomy v2025
,,,,avibase-57C93A74,1988,2025,979,species,Franklin's Gull,Leucophaeus pipixcan,"","",fragul,species,Franklin's Gull,Leucophaeus pipixcan,"",Franklin's Gull,Leucophaeus pipixcan,TRUE,TRUE,TRUE,not_selected_pending,FALSE,FALSE,excluded_ambiguous,eBird Taxonomy v2025,38ae7e68a03b651e8056e2f4abfad898533a12dbd9343f0e01cb2723ec20aaeb,excluded,TRUE,FALSE,excluded_not_selected_or_unreliable,eBird Taxonomy v2025
Gadwall,atx_eeefc021901e,ebird_v2025:avibase-C235A4D7,negative_control_candidate,avibase-C235A4D7,1988,2025,102225,species,Gadwall,Mareca strepera,"","",gadwal,species,Gadwall,Mareca strepera,"",Gadwall,Mareca strepera,TRUE,TRUE,TRUE,candidate_identity,FALSE,TRUE,guild_control_overlap,eBird Taxonomy v2025,38ae7e68a03b651e8056e2f4abfad898533a12dbd9343f0e01cb2723ec20aaeb,approved,FALSE,TRUE,approved_current_species_identity,eBird Taxonomy v2025
,,,,avibase-A59FA446,1988,2025,1730,species,Glaucous Gull,Larus hyperboreus,"","",glagul,species,Glaucous Gull,Larus hyperboreus,"",Glaucous Gull,Larus hyperboreus,TRUE,TRUE,TRUE,not_selected_pending,FALSE,FALSE,excluded_ambiguous,eBird Taxonomy v2025,38ae7e68a03b651e8056e2f4abfad898533a12dbd9343f0e01cb2723ec20aaeb,excluded,TRUE,FALSE,excluded_not_selected_or_unreliable,eBird Taxonomy v2025
Glaucous-winged Gull,atx_725074cbfcb6,ebird_v2025:avibase-03AC32BA,primary_focal,avibase-03AC32BA,1988,2025,329075,species,Glaucous-winged Gull,Larus glaucescens,"","",glwgul,species,Glaucous-winged Gull,Larus glaucescens,"",Glaucous-winged Gull,Larus glaucescens,TRUE,TRUE,TRUE,candidate_identity,FALSE,TRUE,exact_species,eBird Taxonomy v2025,38ae7e68a03b651e8056e2f4abfad898533a12dbd9343f0e01cb2723ec20aaeb,approved,FALSE,TRUE,approved_current_species_identity,eBird Taxonomy v2025
,,,,avibase-E826E9F3,2019,2024,103,species,Great Black-backed Gull,Larus marinus,"","",gbbgul,species,Great Black-backed Gull,Larus marinus,"",Great Black-backed Gull,Larus marinus,TRUE,TRUE,TRUE,not_selected_pending,FALSE,FALSE,excluded_ambiguous,eBird Taxonomy v2025,38ae7e68a03b651e8056e2f4abfad898533a12dbd9343f0e01cb2723ec20aaeb,excluded,TRUE,FALSE,excluded_not_selected_or_unreliable,eBird Taxonomy v2025
Great Blue Heron,atx_7b80ddaff058,ebird_v2025:avibase-93694BB5,guild_only_exploratory,avibase-93694BB5,1988,2025,217123,species,Great Blue Heron,Ardea herodias,"","",grbher3,species,Great Blue Heron,Ardea herodias,"",Great Blue Heron,Ardea herodias,TRUE,TRUE,TRUE,candidate_identity,FALSE,TRUE,guild_control_overlap,eBird Taxonomy v2025,38ae7e68a03b651e8056e2f4abfad898533a12dbd9343f0e01cb2723ec20aaeb,approved,FALSE,TRUE,approved_current_species_identity,eBird Taxonomy v2025
Greater Scaup,atx_4ae57d328ec6,ebird_v2025:avibase-25C94A8F,secondary_focal,avibase-25C94A8F,1988,2025,36629,species,Greater Scaup,Aythya marila,"","",gresca,species,Greater Scaup,Aythya marila,"",Greater Scaup,Aythya marila,TRUE,TRUE,TRUE,candidate_identity,FALSE,TRUE,exact_species,eBird Taxonomy v2025,38ae7e68a03b651e8056e2f4abfad898533a12dbd9343f0e01cb2723ec20aaeb,approved,FALSE,TRUE,approved_current_species_identity,eBird Taxonomy v2025
Harlequin Duck,atx_87b306550dba,ebird_v2025:avibase-BCBD2EAE,primary_focal,avibase-BCBD2EAE,1988,2025,45885,species,Harlequin Duck,Histrionicus histrionicus,"","",harduc,species,Harlequin Duck,Histrionicus histrionicus,"",Harlequin Duck,Histrionicus histrionicus,TRUE,TRUE,TRUE,candidate_identity,FALSE,TRUE,exact_species,eBird Taxonomy v2025,38ae7e68a03b651e8056e2f4abfad898533a12dbd9343f0e01cb2723ec20aaeb,approved,FALSE,TRUE,approved_current_species_identity,eBird Taxonomy v2025
,,,,avibase-6996D540,1990,2025,385,species,Heermann's Gull,Larus heermanni,"","",heegul,species,Heermann's Gull,Larus heermanni,"",Heermann's Gull,Larus heermanni,TRUE,TRUE,TRUE,not_selected_pending,FALSE,FALSE,excluded_ambiguous,eBird Taxonomy v2025,38ae7e68a03b651e8056e2f4abfad898533a12dbd9343f0e01cb2723ec20aaeb,excluded,TRUE,FALSE,excluded_not_selected_or_unreliable,eBird Taxonomy v2025
Hooded Merganser,atx_04afbeb21fb0,ebird_v2025:avibase-60E6081E,excluded_or_unreliable,avibase-60E6081E,1988,2025,103322,species,Hooded Merganser,Lophodytes cucullatus,"","",hoomer,species,Hooded Merganser,Lophodytes cucullatus,"",Hooded Merganser,Lophodytes cucullatus,TRUE,TRUE,TRUE,candidate_identity,FALSE,FALSE,exact_species,eBird Taxonomy v2025,38ae7e68a03b651e8056e2f4abfad898533a12dbd9343f0e01cb2723ec20aaeb,excluded,FALSE,FALSE,excluded_not_selected_or_unreliable,eBird Taxonomy v2025
Horned Grebe,atx_6b4cfd1ab927,ebird_v2025:avibase-018B3169,secondary_focal,avibase-018B3169,1988,2025,63552,species,Horned Grebe,Podiceps auritus,"","",horgre,species,Horned Grebe,Podiceps auritus,"",Horned Grebe,Podiceps auritus,TRUE,TRUE,TRUE,candidate_identity,FALSE,TRUE,exact_species,eBird Taxonomy v2025,38ae7e68a03b651e8056e2f4abfad898533a12dbd9343f0e01cb2723ec20aaeb,approved,FALSE,TRUE,approved_current_species_identity,eBird Taxonomy v2025
Iceland Gull,atx_aa5353f6d6d2,ebird_v2025:avibase-FB4FCB27,secondary_focal,avibase-FB4FCB27,1988,2025,5055,species,Iceland Gull,Larus glaucoides,"","",y00478,species,Iceland Gull,Larus glaucoides,"",Iceland Gull,Larus glaucoides,TRUE,TRUE,TRUE,candidate_identity,TRUE,TRUE,exact_species,eBird Taxonomy v2025,38ae7e68a03b651e8056e2f4abfad898533a12dbd9343f0e01cb2723ec20aaeb,approved,FALSE,TRUE,approved_current_species_identity,eBird Taxonomy v2025
,,,,avibase-2D52E3A5,2002,2025,158,species,Lesser Black-backed Gull,Larus fuscus,"","",lbbgul,species,Lesser Black-backed Gull,Larus fuscus,"",Lesser Black-backed Gull,Larus fuscus,TRUE,TRUE,TRUE,not_selected_pending,FALSE,FALSE,excluded_ambiguous,eBird Taxonomy v2025,38ae7e68a03b651e8056e2f4abfad898533a12dbd9343f0e01cb2723ec20aaeb,excluded,TRUE,FALSE,excluded_not_selected_or_unreliable,eBird Taxonomy v2025
Lesser Scaup,atx_d002764a39e8,ebird_v2025:avibase-50566E50,guild_only_exploratory,avibase-50566E50,1988,2025,71557,species,Lesser Scaup,Aythya affinis,"","",lessca,species,Lesser Scaup,Aythya affinis,"",Lesser Scaup,Aythya affinis,TRUE,TRUE,TRUE,candidate_identity,FALSE,TRUE,guild_control_overlap,eBird Taxonomy v2025,38ae7e68a03b651e8056e2f4abfad898533a12dbd9343f0e01cb2723ec20aaeb,approved,FALSE,TRUE,approved_current_species_identity,eBird Taxonomy v2025
,,,,avibase-F89FD6E3,1999,2014,13,species,Little Gull,Hydrocoloeus minutus,"","",litgul,species,Little Gull,Hydrocoloeus minutus,"",Little Gull,Hydrocoloeus minutus,TRUE,TRUE,TRUE,not_selected_pending,FALSE,FALSE,excluded_ambiguous,eBird Taxonomy v2025,38ae7e68a03b651e8056e2f4abfad898533a12dbd9343f0e01cb2723ec20aaeb,excluded,TRUE,FALSE,excluded_not_selected_or_unreliable,eBird Taxonomy v2025
Long-tailed Duck,atx_40f730f5ad72,ebird_v2025:avibase-AF0C7BDE,secondary_focal,avibase-AF0C7BDE,1988,2025,14682,species,Long-tailed Duck,Clangula hyemalis,"","",lotduc,species,Long-tailed Duck,Clangula hyemalis,"",Long-tailed Duck,Clangula hyemalis,TRUE,TRUE,TRUE,candidate_identity,FALSE,TRUE,exact_species,eBird Taxonomy v2025,38ae7e68a03b651e8056e2f4abfad898533a12dbd9343f0e01cb2723ec20aaeb,approved,FALSE,TRUE,approved_current_species_identity,eBird Taxonomy v2025
Mallard,atx_815c98107028,ebird_v2025:avibase-85625D75,guild_only_exploratory,avibase-85625D75,1988,2025,465461,species,Mallard,Anas platyrhynchos,"","",mallar3,species,Mallard,Anas platyrhynchos,"",Mallard,Anas platyrhynchos,TRUE,TRUE,TRUE,candidate_identity,FALSE,TRUE,guild_control_overlap,eBird Taxonomy v2025,38ae7e68a03b651e8056e2f4abfad898533a12dbd9343f0e01cb2723ec20aaeb,approved,FALSE,TRUE,approved_current_species_identity,eBird Taxonomy v2025
Marbled Murrelet,atx_acf526bb8010,ebird_v2025:avibase-31557374,guild_only_exploratory,avibase-31557374,1988,2025,20577,species,Marbled Murrelet,Brachyramphus marmoratus,"","",marmur,species,Marbled Murrelet,Brachyramphus marmoratus,"",Marbled Murrelet,Brachyramphus marmoratus,TRUE,TRUE,TRUE,candidate_identity,FALSE,TRUE,guild_control_overlap,eBird Taxonomy v2025,38ae7e68a03b651e8056e2f4abfad898533a12dbd9343f0e01cb2723ec20aaeb,approved,FALSE,TRUE,approved_current_species_identity,eBird Taxonomy v2025
Northern Pintail,atx_7d980a7c8c37,ebird_v2025:avibase-56CCA717,guild_only_exploratory,avibase-56CCA717,1988,2025,78798,species,Northern Pintail,Anas acuta,"","",norpin,species,Northern Pintail,Anas acuta,"",Northern Pintail,Anas acuta,TRUE,TRUE,TRUE,candidate_identity,FALSE,TRUE,guild_control_overlap,eBird Taxonomy v2025,38ae7e68a03b651e8056e2f4abfad898533a12dbd9343f0e01cb2723ec20aaeb,approved,FALSE,TRUE,approved_current_species_identity,eBird Taxonomy v2025
Northern Shoveler,atx_8f0345249398,ebird_v2025:avibase-ED4CE8E7,negative_control_candidate,avibase-ED4CE8E7,1988,2025,80499,species,Northern Shoveler,Spatula clypeata,"","",norsho,species,Northern Shoveler,Spatula clypeata,"",Northern Shoveler,Spatula clypeata,TRUE,TRUE,TRUE,candidate_identity,FALSE,TRUE,guild_control_overlap,eBird Taxonomy v2025,38ae7e68a03b651e8056e2f4abfad898533a12dbd9343f0e01cb2723ec20aaeb,approved,FALSE,TRUE,approved_current_species_identity,eBird Taxonomy v2025
Pacific Loon,atx_c34f23342a55,ebird_v2025:avibase-B7D7EF23,guild_only_exploratory,avibase-B7D7EF23,1988,2025,27800,species,Pacific Loon,Gavia pacifica,"","",pacloo,species,Pacific Loon,Gavia pacifica,"",Pacific Loon,Gavia pacifica,TRUE,TRUE,TRUE,candidate_identity,FALSE,TRUE,guild_control_overlap,eBird Taxonomy v2025,38ae7e68a03b651e8056e2f4abfad898533a12dbd9343f0e01cb2723ec20aaeb,approved,FALSE,TRUE,approved_current_species_identity,eBird Taxonomy v2025
Pelagic Cormorant,atx_35707a9578d5,ebird_v2025:avibase-A429B5B8,secondary_focal,avibase-A429B5B8,1988,2025,76690,species,Pelagic Cormorant,Urile pelagicus,"","",pelcor,species,Pelagic Cormorant,Urile pelagicus,"",Pelagic Cormorant,Urile pelagicus,TRUE,TRUE,TRUE,candidate_identity,FALSE,TRUE,exact_species,eBird Taxonomy v2025,38ae7e68a03b651e8056e2f4abfad898533a12dbd9343f0e01cb2723ec20aaeb,approved,FALSE,TRUE,approved_current_species_identity,eBird Taxonomy v2025
,,,,avibase-9A8E55D0,1988,2025,57146,species,Pied-billed Grebe,Podilymbus podiceps,"","",pibgre,species,Pied-billed Grebe,Podilymbus podiceps,"",Pied-billed Grebe,Podilymbus podiceps,TRUE,TRUE,TRUE,not_selected_pending,FALSE,FALSE,excluded_ambiguous,eBird Taxonomy v2025,38ae7e68a03b651e8056e2f4abfad898533a12dbd9343f0e01cb2723ec20aaeb,excluded,TRUE,FALSE,excluded_not_selected_or_unreliable,eBird Taxonomy v2025
Pigeon Guillemot,atx_8608f2ed61cf,ebird_v2025:avibase-2F5DF476,guild_only_exploratory,avibase-2F5DF476,1988,2025,35824,species,Pigeon Guillemot,Cepphus columba,"","",piggui,species,Pigeon Guillemot,Cepphus columba,"",Pigeon Guillemot,Cepphus columba,TRUE,TRUE,TRUE,candidate_identity,FALSE,TRUE,guild_control_overlap,eBird Taxonomy v2025,38ae7e68a03b651e8056e2f4abfad898533a12dbd9343f0e01cb2723ec20aaeb,approved,FALSE,TRUE,approved_current_species_identity,eBird Taxonomy v2025
Red-breasted Merganser,atx_c2d1fbbaf6d3,ebird_v2025:avibase-8DB64266,secondary_focal,avibase-8DB64266,1988,2025,57829,species,Red-breasted Merganser,Mergus serrator,"","",rebmer,species,Red-breasted Merganser,Mergus serrator,"",Red-breasted Merganser,Mergus serrator,TRUE,TRUE,TRUE,candidate_identity,FALSE,TRUE,exact_species,eBird Taxonomy v2025,38ae7e68a03b651e8056e2f4abfad898533a12dbd9343f0e01cb2723ec20aaeb,approved,FALSE,TRUE,approved_current_species_identity,eBird Taxonomy v2025
,,,,avibase-05DDE8C1,2023,2023,2,species,Red-faced Cormorant,Urile urile,"","",refcor,species,Red-faced Cormorant,Urile urile,"",Red-faced Cormorant,Urile urile,TRUE,TRUE,TRUE,not_selected_pending,FALSE,FALSE,excluded_ambiguous,eBird Taxonomy v2025,38ae7e68a03b651e8056e2f4abfad898533a12dbd9343f0e01cb2723ec20aaeb,excluded,TRUE,FALSE,excluded_not_selected_or_unreliable,eBird Taxonomy v2025
Red-necked Grebe,atx_86eda7ed9025,ebird_v2025:avibase-1CBD2CED,secondary_focal,avibase-1CBD2CED,1988,2025,49734,species,Red-necked Grebe,Podiceps grisegena,"","",rengre,species,Red-necked Grebe,Podiceps grisegena,"",Red-necked Grebe,Podiceps grisegena,TRUE,TRUE,TRUE,candidate_identity,FALSE,TRUE,exact_species,eBird Taxonomy v2025,38ae7e68a03b651e8056e2f4abfad898533a12dbd9343f0e01cb2723ec20aaeb,approved,FALSE,TRUE,approved_current_species_identity,eBird Taxonomy v2025
Red-throated Loon,atx_04cf65098f13,ebird_v2025:avibase-6C50988A,guild_only_exploratory,avibase-6C50988A,1988,2025,12960,species,Red-throated Loon,Gavia stellata,"","",retloo,species,Red-throated Loon,Gavia stellata,"",Red-throated Loon,Gavia stellata,TRUE,TRUE,TRUE,candidate_identity,FALSE,TRUE,guild_control_overlap,eBird Taxonomy v2025,38ae7e68a03b651e8056e2f4abfad898533a12dbd9343f0e01cb2723ec20aaeb,approved,FALSE,TRUE,approved_current_species_identity,eBird Taxonomy v2025
Rhinoceros Auklet,atx_6cbe5bbd310c,ebird_v2025:avibase-53D94597,guild_only_exploratory,avibase-53D94597,1988,2025,17191,species,Rhinoceros Auklet,Cerorhinca monocerata,"","",rhiauk,species,Rhinoceros Auklet,Cerorhinca monocerata,"",Rhinoceros Auklet,Cerorhinca monocerata,TRUE,TRUE,TRUE,candidate_identity,FALSE,TRUE,guild_control_overlap,eBird Taxonomy v2025,38ae7e68a03b651e8056e2f4abfad898533a12dbd9343f0e01cb2723ec20aaeb,approved,FALSE,TRUE,approved_current_species_identity,eBird Taxonomy v2025
Ring-billed Gull,atx_08bb40b40c0a,ebird_v2025:avibase-23863F65,secondary_focal,avibase-23863F65,1988,2025,48818,species,Ring-billed Gull,Larus delawarensis,"","",ribgul,species,Ring-billed Gull,Larus delawarensis,"",Ring-billed Gull,Larus delawarensis,TRUE,TRUE,TRUE,candidate_identity,FALSE,TRUE,exact_species,eBird Taxonomy v2025,38ae7e68a03b651e8056e2f4abfad898533a12dbd9343f0e01cb2723ec20aaeb,approved,FALSE,TRUE,approved_current_species_identity,eBird Taxonomy v2025
,,,,avibase-86182656,1988,2025,529,species,Sabine's Gull,Xema sabini,"","",sabgul,species,Sabine's Gull,Xema sabini,"",Sabine's Gull,Xema sabini,TRUE,TRUE,TRUE,not_selected_pending,FALSE,FALSE,excluded_ambiguous,eBird Taxonomy v2025,38ae7e68a03b651e8056e2f4abfad898533a12dbd9343f0e01cb2723ec20aaeb,excluded,TRUE,FALSE,excluded_not_selected_or_unreliable,eBird Taxonomy v2025
Short-billed Gull,atx_e0e678a61ad7,ebird_v2025:avibase-342F6965,primary_focal,avibase-342F6965,1988,2025,92206,species,Short-billed Gull,Larus brachyrhynchus,"","",mewgul2,species,Short-billed Gull,Larus brachyrhynchus,"",Short-billed Gull,Larus brachyrhynchus,TRUE,TRUE,TRUE,candidate_identity,TRUE,TRUE,exact_species,eBird Taxonomy v2025,38ae7e68a03b651e8056e2f4abfad898533a12dbd9343f0e01cb2723ec20aaeb,approved,FALSE,TRUE,approved_current_species_identity,eBird Taxonomy v2025
,,,,avibase-456C7FAE,1990,2021,115,species,Slaty-backed Gull,Larus schistisagus,"","",slbgul,species,Slaty-backed Gull,Larus schistisagus,"",Slaty-backed Gull,Larus schistisagus,TRUE,TRUE,TRUE,not_selected_pending,FALSE,FALSE,excluded_ambiguous,eBird Taxonomy v2025,38ae7e68a03b651e8056e2f4abfad898533a12dbd9343f0e01cb2723ec20aaeb,excluded,TRUE,FALSE,excluded_not_selected_or_unreliable,eBird Taxonomy v2025
Surf Scoter,atx_1930f23cc4f8,ebird_v2025:avibase-624078BA,primary_focal,avibase-624078BA,1988,2025,75845,species,Surf Scoter,Melanitta perspicillata,"","",sursco,species,Surf Scoter,Melanitta perspicillata,"",Surf Scoter,Melanitta perspicillata,TRUE,TRUE,TRUE,candidate_identity,FALSE,TRUE,exact_species,eBird Taxonomy v2025,38ae7e68a03b651e8056e2f4abfad898533a12dbd9343f0e01cb2723ec20aaeb,approved,FALSE,TRUE,approved_current_species_identity,eBird Taxonomy v2025
Surfbird,atx_1812dd827ede,ebird_v2025:avibase-11CF8C9A,guild_only_exploratory,avibase-11CF8C9A,1988,2025,5788,species,Surfbird,Calidris virgata,"","",surfbi,species,Surfbird,Calidris virgata,"",Surfbird,Calidris virgata,TRUE,TRUE,TRUE,candidate_identity,TRUE,TRUE,guild_control_overlap,eBird Taxonomy v2025,38ae7e68a03b651e8056e2f4abfad898533a12dbd9343f0e01cb2723ec20aaeb,approved,FALSE,TRUE,approved_current_species_identity,eBird Taxonomy v2025
,,,,avibase-FD1EF7BB,2007,2007,1,species,Vega Gull,Larus vegae,"","",veggul1,species,Vega Gull,Larus vegae,"",Vega Gull,Larus vegae,TRUE,TRUE,TRUE,not_selected_pending,FALSE,FALSE,excluded_ambiguous,eBird Taxonomy v2025,38ae7e68a03b651e8056e2f4abfad898533a12dbd9343f0e01cb2723ec20aaeb,excluded,TRUE,FALSE,excluded_not_selected_or_unreliable,eBird Taxonomy v2025
Western Grebe,atx_ebf17f77fb66,ebird_v2025:avibase-C6E1197B,secondary_focal,avibase-C6E1197B,1988,2025,18458,species,Western Grebe,Aechmophorus occidentalis,"","",wesgre,species,Western Grebe,Aechmophorus occidentalis,"",Western Grebe,Aechmophorus occidentalis,TRUE,TRUE,TRUE,candidate_identity,FALSE,TRUE,exact_species,eBird Taxonomy v2025,38ae7e68a03b651e8056e2f4abfad898533a12dbd9343f0e01cb2723ec20aaeb,approved,FALSE,TRUE,approved_current_species_identity,eBird Taxonomy v2025
Western Gull,atx_5a9a3495d0ea,ebird_v2025:avibase-575A3E3B,secondary_focal,avibase-575A3E3B,1988,2025,4684,species,Western Gull,Larus occidentalis,"","",wesgul,species,Western Gull,Larus occidentalis,"",Western Gull,Larus occidentalis,TRUE,TRUE,TRUE,candidate_identity,FALSE,TRUE,exact_species,eBird Taxonomy v2025,38ae7e68a03b651e8056e2f4abfad898533a12dbd9343f0e01cb2723ec20aaeb,approved,FALSE,TRUE,approved_current_species_identity,eBird Taxonomy v2025
White-winged Scoter,atx_3083477933a8,ebird_v2025:avibase-4800D6B6,primary_focal,avibase-4800D6B6,1988,2025,26733,species,White-winged Scoter,Melanitta deglandi,"","",whwsco2,species,White-winged Scoter,Melanitta deglandi,"",White-winged Scoter,Melanitta deglandi,TRUE,TRUE,TRUE,candidate_identity,TRUE,TRUE,exact_species,eBird Taxonomy v2025,38ae7e68a03b651e8056e2f4abfad898533a12dbd9343f0e01cb2723ec20aaeb,approved,FALSE,TRUE,approved_current_species_identity,eBird Taxonomy v2025
,,,,avibase-5349255D,1988,2025,1325,species,Yellow-billed Loon,Gavia adamsii,"","",yebloo,species,Yellow-billed Loon,Gavia adamsii,"",Yellow-billed Loon,Gavia adamsii,TRUE,TRUE,TRUE,not_selected_pending,FALSE,FALSE,excluded_ambiguous,eBird Taxonomy v2025,38ae7e68a03b651e8056e2f4abfad898533a12dbd9343f0e01cb2723ec20aaeb,excluded,TRUE,FALSE,excluded_not_selected_or_unreliable,eBird Taxonomy v2025
,,,,avibase-3C33827F,2024,2024,1,spuh,Branta sp.,Branta sp.,"","",branta1,spuh,Branta sp.,Branta sp.,"",Branta sp.,Branta sp.,TRUE,TRUE,TRUE,ambiguous_or_excluded_no_species_allocation,FALSE,FALSE,excluded_ambiguous,eBird Taxonomy v2025,38ae7e68a03b651e8056e2f4abfad898533a12dbd9343f0e01cb2723ec20aaeb,excluded,TRUE,FALSE,excluded_no_named_species_allocation,eBird Taxonomy v2025
