"model_version_id","analysis_taxon_id","unit_label","analysis_role","region","outcome","contrast","contrast_type","ecological_period","primary_estimand","estimate","standard_error","conf_low","conf_high","ratio","ratio_conf_low","ratio_conf_high","p_value","q_value","n","status","multiplicity_family"
"SOG_EVENT_STUDY_v1","atx_04afbeb21fb0","Hooded Merganser","core_species","SoG","detection","did_spawn_start","difference_in_differences","spawn_start",FALSE,-0.0026929239652459,0.0563000942589538,-0.113039081039006,0.107653233108514,0.99731069870191,0.893115755542288,1.1136614974857,0.961850446880039,0.9953634914218,217200,"completed","core_species__detection__did_spawn_start"
"SOG_EVENT_STUDY_v1","atx_04afbeb21fb0","Hooded Merganser","core_species","SoG","detection","did_early_egg","difference_in_differences","early_egg",FALSE,-0.0390753364548772,0.0405181671308016,-0.118489484750823,0.0403388118410686,0.961678256986643,0.888261155895085,1.04116347295288,0.334850170976533,0.487054794147684,217200,"completed","core_species__detection__did_early_egg"
"SOG_EVENT_STUDY_v1","atx_04afbeb21fb0","Hooded Merganser","core_species","SoG","detection","did_late_egg","difference_in_differences","late_egg",FALSE,-0.0414088509073227,0.0377373997517313,-0.115372795290907,0.0325550934762614,0.959436783148283,0.89103390873761,1.03309080814005,0.272514877916551,0.426588609918836,217200,"completed","core_species__detection__did_late_egg"
"SOG_EVENT_STUDY_v1","atx_04afbeb21fb0","Hooded Merganser","core_species","SoG","detection","did_pre_14_day","duration_weighted_difference_in_differences","pre_14_day",FALSE,-0.0498123005155781,0.0388697781739964,-0.125995665823672,0.0263710647925159,0.951407986530736,0.881618667865896,1.02672185813125,0.200011961086422,0.685755295153446,217200,"completed","core_species__detection__did_pre_14_day"
"SOG_EVENT_STUDY_v1","atx_04afbeb21fb0","Hooded Merganser","core_species","SoG","detection","did_pre_7_day","difference_in_differences","pre_7_day",FALSE,-0.072923593590463,0.0478987371124497,-0.166803393235816,0.0209562060548905,0.929671860201063,0.846365996260291,1.02117732927435,0.127895521581007,0.45061600553029,217200,"completed","core_species__detection__did_pre_7_day"
"SOG_EVENT_STUDY_v1","atx_04afbeb21fb0","Hooded Merganser","core_species","SoG","detection","did_active_0_14_day","duration_weighted_difference_in_differences","active_0_14_day",TRUE,-0.0293733597909755,0.0369417261401285,-0.101777812552369,0.0430310929704182,0.971053844316585,0.903230215791796,1.04397035448533,0.42653969462467,0.581023095017145,217200,"completed","core_species__detection__did_active_0_14_day"
"SOG_EVENT_STUDY_v1","atx_04afbeb21fb0","Hooded Merganser","core_species","SoG","positive_numeric_count_given_detection","did_spawn_start","difference_in_differences","spawn_start",FALSE,-0.015702169098952,0.0291917085889916,-0.0729168665805641,0.0415125283826601,0.98442046723374,0.929678114133905,1.04238622118313,0.590647293483153,0.714994092111185,20340,"completed","core_species__positive_numeric_count_given_detection__did_spawn_start"
"SOG_EVENT_STUDY_v1","atx_04afbeb21fb0","Hooded Merganser","core_species","SoG","positive_numeric_count_given_detection","did_early_egg","difference_in_differences","early_egg",FALSE,0.017397439725181,0.0219074183120932,-0.0255403111607749,0.060335190611137,1.01754965662655,0.974783083536123,1.06219252384311,0.427117054250703,0.545760680431454,20340,"completed","core_species__positive_numeric_count_given_detection__did_early_egg"
"SOG_EVENT_STUDY_v1","atx_04afbeb21fb0","Hooded Merganser","core_species","SoG","positive_numeric_count_given_detection","did_late_egg","difference_in_differences","late_egg",FALSE,0.008674180380665,0.0200192293295415,-0.0305627881034843,0.0479111488648143,1.00871191009585,0.969899532003146,1.04907743946197,0.664802342093582,0.799883475421052,20340,"completed","core_species__positive_numeric_count_given_detection__did_late_egg"
"SOG_EVENT_STUDY_v1","atx_04afbeb21fb0","Hooded Merganser","core_species","SoG","positive_numeric_count_given_detection","did_pre_14_day","duration_weighted_difference_in_differences","pre_14_day",FALSE,-0.0104874809679298,0.0199822682313394,-0.0496520070307738,0.0286770450949142,0.98956732091538,0.95156050325576,1.02909219043158,0.599694863785958,0.803851741176769,20340,"completed","core_species__positive_numeric_count_given_detection__did_pre_14_day"
"SOG_EVENT_STUDY_v1","atx_04afbeb21fb0","Hooded Merganser","core_species","SoG","positive_numeric_count_given_detection","did_pre_7_day","difference_in_differences","pre_7_day",FALSE,0.0152742496150644,0.0249871101462983,-0.0336995863494155,0.0642480855795444,1.0153914971612,0.966861919531881,1.06635691372192,0.541010813923631,0.777703045015219,20340,"completed","core_species__positive_numeric_count_given_detection__did_pre_7_day"
"SOG_EVENT_STUDY_v1","atx_04afbeb21fb0","Hooded Merganser","core_species","SoG","positive_numeric_count_given_detection","did_active_0_14_day","duration_weighted_difference_in_differences","active_0_14_day",TRUE,0.00857087737207889,0.0196523865182074,-0.0299470924138682,0.047088847158026,1.0086077125028,0.970496878837426,1.04821513587839,0.662746766758252,0.730728846657232,20340,"completed","core_species__positive_numeric_count_given_detection__did_active_0_14_day"
"SOG_EVENT_STUDY_v1","atx_1930f23cc4f8","Surf Scoter","core_species","SoG","detection","did_spawn_start","difference_in_differences","spawn_start",FALSE,0.0205771948541568,0.0523371500652361,-0.0820017343271742,0.123156124035488,1.02079036496515,0.921270360910741,1.13106099297017,0.694196782348599,0.853591460353591,217183,"completed","core_species__detection__did_spawn_start"
"SOG_EVENT_STUDY_v1","atx_1930f23cc4f8","Surf Scoter","core_species","SoG","detection","did_early_egg","difference_in_differences","early_egg",FALSE,-0.0196741490658854,0.0418101970777347,-0.101620629524767,0.0622723313929964,0.980518124003898,0.903372199410151,1.06425213453311,0.63795595625626,0.712136881402337,217183,"completed","core_species__detection__did_early_egg"
"SOG_EVENT_STUDY_v1","atx_1930f23cc4f8","Surf Scoter","core_species","SoG","detection","did_late_egg","difference_in_differences","late_egg",FALSE,0.0286519068921003,0.0399313074243245,-0.0496120175151726,0.106915831299373,1.02906632122853,0.95159855646021,1.11284058419135,0.473047196023301,0.648750440260527,217183,"completed","core_species__detection__did_late_egg"
"SOG_EVENT_STUDY_v1","atx_1930f23cc4f8","Surf Scoter","core_species","SoG","detection","did_pre_14_day","duration_weighted_difference_in_differences","pre_14_day",FALSE,-0.0123276898786013,0.0384075142261181,-0.0876050344975025,0.0629496547403,0.987747984806394,0.91612264211589,1.06497322152821,0.748232532883615,0.908495510604517,217183,"completed","core_species__detection__did_pre_14_day"
"SOG_EVENT_STUDY_v1","atx_1930f23cc4f8","Surf Scoter","core_species","SoG","detection","did_pre_7_day","difference_in_differences","pre_7_day",FALSE,-0.0111937642935256,0.0467690861802274,-0.102859488796621,0.0804719602095702,0.988868652774935,0.902253741334104,1.08379845673459,0.810841102092672,0.949277387815811,217183,"completed","core_species__detection__did_pre_7_day"
"SOG_EVENT_STUDY_v1","atx_1930f23cc4f8","Surf Scoter","core_species","SoG","detection","did_active_0_14_day","duration_weighted_difference_in_differences","active_0_14_day",TRUE,-0.00894045735387415,0.0377126034676618,-0.0828558019137317,0.0649748872059834,0.991099389696269,0.92048386966318,1.06713222537593,0.81260391623831,0.866877030252743,217183,"completed","core_species__detection__did_active_0_14_day"
"SOG_EVENT_STUDY_v1","atx_1930f23cc4f8","Surf Scoter","core_species","SoG","positive_numeric_count_given_detection","did_spawn_start","difference_in_differences","spawn_start",FALSE,0.0474301497648476,0.0467662417678371,-0.0442299997924058,0.139090299322101,1.04857295549569,0.956733883570932,1.14922786981595,0.310489089720246,0.528981412115974,16632,"completed","core_species__positive_numeric_count_given_detection__did_spawn_start"
"SOG_EVENT_STUDY_v1","atx_1930f23cc4f8","Surf Scoter","core_species","SoG","positive_numeric_count_given_detection","did_early_egg","difference_in_differences","early_egg",FALSE,0.284324554396913,0.0415786722084938,0.202831854343268,0.365817254450557,1.32886414947466,1.22486649495002,1.44169175582768,8.01771875588405e-12,5.26878661100952e-11,16632,"completed","core_species__positive_numeric_count_given_detection__did_early_egg"
"SOG_EVENT_STUDY_v1","atx_1930f23cc4f8","Surf Scoter","core_species","SoG","positive_numeric_count_given_detection","did_late_egg","difference_in_differences","late_egg",FALSE,0.125842380149168,0.040189134823795,0.0470731233247056,0.204611636973631,1.13410339698618,1.04819865404789,1.22704843217327,0.00174061677412415,0.00800683716097108,16632,"completed","core_species__positive_numeric_count_given_detection__did_late_egg"
"SOG_EVENT_STUDY_v1","atx_1930f23cc4f8","Surf Scoter","core_species","SoG","positive_numeric_count_given_detection","did_pre_14_day","duration_weighted_difference_in_differences","pre_14_day",FALSE,-0.0441565323736759,0.0353577767438946,-0.113456501365117,0.0251434366177655,0.9568041749218,0.892743028669652,1.02546219880541,0.211720222743589,0.525478968970339,16632,"completed","core_species__positive_numeric_count_given_detection__did_pre_14_day"
"SOG_EVENT_STUDY_v1","atx_1930f23cc4f8","Surf Scoter","core_species","SoG","positive_numeric_count_given_detection","did_pre_7_day","difference_in_differences","pre_7_day",FALSE,-0.0265911883151772,0.0430764338447064,-0.111019447233224,0.0578370706028695,0.97375924432198,0.894921345015689,1.05954235104973,0.537035248608291,0.777703045015219,16632,"completed","core_species__positive_numeric_count_given_detection__did_pre_7_day"
"SOG_EVENT_STUDY_v1","atx_1930f23cc4f8","Surf Scoter","core_species","SoG","positive_numeric_count_given_detection","did_active_0_14_day","duration_weighted_difference_in_differences","active_0_14_day",TRUE,0.221152713161695,0.0362461411120929,0.150111582003437,0.292193844319954,1.24751392781415,1.16196388975375,1.33936262031354,1.05134196823054e-09,5.37352561540053e-09,16632,"completed","core_species__positive_numeric_count_given_detection__did_active_0_14_day"
"SOG_EVENT_STUDY_v1","atx_3083477933a8","White-winged Scoter","core_species","SoG","detection","did_spawn_start","difference_in_differences","spawn_start",FALSE,-0.0978870309388856,0.0692048321660718,-0.233526009540525,0.0377519476627541,0.906751332814887,0.791737002756783,1.03847360512232,0.157228732442599,0.328129528575858,217199,"completed","core_species__detection__did_spawn_start"
"SOG_EVENT_STUDY_v1","atx_3083477933a8","White-winged Scoter","core_species","SoG","detection","did_early_egg","difference_in_differences","early_egg",FALSE,-0.0909839366533487,0.0589757481660501,-0.206574279020111,0.0246064057134137,0.913032377137049,0.81336584319526,1.02491164175972,0.122895144546855,0.243781699173865,217199,"completed","core_species__detection__did_early_egg"
"SOG_EVENT_STUDY_v1","atx_3083477933a8","White-winged Scoter","core_species","SoG","detection","did_late_egg","difference_in_differences","late_egg",FALSE,-0.079767347056181,0.057164566194691,-0.191807837989631,0.0322731438772691,0.923331137106988,0.825465476357418,1.03279956966019,0.162895718518744,0.355408840404533,217199,"completed","core_species__detection__did_late_egg"
"SOG_EVENT_STUDY_v1","atx_3083477933a8","White-winged Scoter","core_species","SoG","detection","did_pre_14_day","duration_weighted_difference_in_differences","pre_14_day",FALSE,-0.171372017477047,0.0547811463696274,-0.278741091393334,-0.0640029435607601,0.842508087431015,0.756735803266287,0.938002238460084,0.00175818905275312,0.0708059812459365,217199,"completed","core_species__detection__did_pre_14_day"
"SOG_EVENT_STUDY_v1","atx_3083477933a8","White-winged Scoter","core_species","SoG","detection","did_pre_7_day","difference_in_differences","pre_7_day",FALSE,-0.177969561678356,0.0659271753958677,-0.307184451056712,-0.0487546723000005,0.836967898999165,0.735514921889999,0.952414754761215,0.00694464412264456,0.0911809199147181,217199,"completed","core_species__detection__did_pre_7_day"
"SOG_EVENT_STUDY_v1","atx_3083477933a8","White-winged Scoter","core_species","SoG","detection","did_active_0_14_day","duration_weighted_difference_in_differences","active_0_14_day",TRUE,-0.0928247617961585,0.0532288458516466,-0.19715138260402,0.011501859011703,0.911353190199962,0.821066328745202,1.01156825972508,0.0811798788519963,0.177119735677083,217199,"completed","core_species__detection__did_active_0_14_day"
"SOG_EVENT_STUDY_v1","atx_3083477933a8","White-winged Scoter","core_species","SoG","positive_numeric_count_given_detection","did_spawn_start","difference_in_differences","spawn_start",FALSE,0.102243367112954,0.0666824095379255,-0.0284517539837298,0.232938488209639,1.10765300524285,0.971949185691189,1.26230383037054,0.125204803773876,0.287971048679915,4706,"completed","core_species__positive_numeric_count_given_detection__did_spawn_start"
"SOG_EVENT_STUDY_v1","atx_3083477933a8","White-winged Scoter","core_species","SoG","positive_numeric_count_given_detection","did_early_egg","difference_in_differences","early_egg",FALSE,0.32830037193444,0.0619317224013287,0.206916426527304,0.449684317341577,1.38860600792615,1.22987978216118,1.56781717466749,1.15166915763242e-07,5.29767812510914e-07,4706,"completed","core_species__positive_numeric_count_given_detection__did_early_egg"
"SOG_EVENT_STUDY_v1","atx_3083477933a8","White-winged Scoter","core_species","SoG","positive_numeric_count_given_detection","did_late_egg","difference_in_differences","late_egg",FALSE,0.0264730953549108,0.0602583859296283,-0.0916311708336758,0.144577361543497,1.02682662048425,0.912441622573716,1.15555108672162,0.660425100668686,0.799883475421052,4706,"completed","core_species__positive_numeric_count_given_detection__did_late_egg"
"SOG_EVENT_STUDY_v1","atx_3083477933a8","White-winged Scoter","core_species","SoG","positive_numeric_count_given_detection","did_pre_14_day","duration_weighted_difference_in_differences","pre_14_day",FALSE,0.109797762744893,0.0531644002521408,0.00559745299102506,0.213998072498761,1.11605234027226,1.00561314800138,1.23862026734905,0.0388993782733253,0.280455580148318,4706,"completed","core_species__positive_numeric_count_given_detection__did_pre_14_day"
"SOG_EVENT_STUDY_v1","atx_3083477933a8","White-winged Scoter","core_species","SoG","positive_numeric_count_given_detection","did_pre_7_day","difference_in_differences","pre_7_day",FALSE,0.106800773492494,0.0649813524118586,-0.0205603369014533,0.234161883886442,1.1127125505601,0.979649585670745,1.26384907244793,0.100267052370711,0.329448886360908,4706,"completed","core_species__positive_numeric_count_given_detection__did_pre_7_day"
"SOG_EVENT_STUDY_v1","atx_3083477933a8","White-winged Scoter","core_species","SoG","positive_numeric_count_given_detection","did_active_0_14_day","duration_weighted_difference_in_differences","active_0_14_day",TRUE,0.268018503982044,0.054782388902801,0.160646994745487,0.375390013218601,1.30737133136676,1.17427037202921,1.45555899117684,9.96031555285644e-07,3.52441934947228e-06,4706,"completed","core_species__positive_numeric_count_given_detection__did_active_0_14_day"
"SOG_EVENT_STUDY_v1","atx_35518e24dfdd","Common Merganser","core_species","SoG","detection","did_spawn_start","difference_in_differences","spawn_start",FALSE,0.223579564607706,0.0428109371143759,0.13967166971912,0.307487459496292,1.25054513545139,1.14989619113118,1.36000375326291,1.765359080944e-07,2.29782428932982e-06,217093,"completed","core_species__detection__did_spawn_start"
"SOG_EVENT_STUDY_v1","atx_35518e24dfdd","Common Merganser","core_species","SoG","detection","did_early_egg","difference_in_differences","early_egg",FALSE,0.153008455659564,0.0325731828439184,0.0891661904236455,0.216850720895482,1.1653348325757,1.09326233095956,1.24215865996436,2.63526323940458e-06,2.52985270982839e-05,217093,"completed","core_species__detection__did_early_egg"
"SOG_EVENT_STUDY_v1","atx_35518e24dfdd","Common Merganser","core_species","SoG","detection","did_late_egg","difference_in_differences","late_egg",FALSE,0.107589416932022,0.03184594573489,0.0451725102380212,0.170006323626024,1.11359043013467,1.04620832598948,1.18531234676867,0.000729000032964969,0.00499885736890264,217093,"completed","core_species__detection__did_late_egg"
"SOG_EVENT_STUDY_v1","atx_35518e24dfdd","Common Merganser","core_species","SoG","detection","did_pre_14_day","duration_weighted_difference_in_differences","pre_14_day",FALSE,0.0205506460649426,0.0312159651033706,-0.0406315212803229,0.081732813410208,1.02076326457666,0.960182871725867,1.08516582933453,0.510321170479526,0.908495510604517,217093,"completed","core_species__detection__did_pre_14_day"
"SOG_EVENT_STUDY_v1","atx_35518e24dfdd","Common Merganser","core_species","SoG","detection","did_pre_7_day","difference_in_differences","pre_7_day",FALSE,0.100713819393362,0.0377288353453486,0.0267666609378372,0.174660977848887,1.10596009214032,1.02712810569033,1.19084242620831,0.00759840999289318,0.0911809199147181,217093,"completed","core_species__detection__did_pre_7_day"
"SOG_EVENT_STUDY_v1","atx_35518e24dfdd","Common Merganser","core_species","SoG","detection","did_active_0_14_day","duration_weighted_difference_in_differences","active_0_14_day",TRUE,0.171827418045735,0.0296816585282987,0.113652436328853,0.230002399762616,1.18747287913861,1.12036265984705,1.25860303027435,7.08024829367226e-09,1.13283972698756e-07,217093,"completed","core_species__detection__did_active_0_14_day"
"SOG_EVENT_STUDY_v1","atx_35518e24dfdd","Common Merganser","core_species","SoG","positive_numeric_count_given_detection","did_spawn_start","difference_in_differences","spawn_start",FALSE,0.125085511530178,0.0278663165223771,0.0704685347645258,0.179702488295831,1.133245354468,1.07301080636185,1.19686122992337,7.16352762182627e-06,6.59044541208016e-05,27776,"completed","core_species__positive_numeric_count_given_detection__did_spawn_start"
"SOG_EVENT_STUDY_v1","atx_35518e24dfdd","Common Merganser","core_species","SoG","positive_numeric_count_given_detection","did_early_egg","difference_in_differences","early_egg",FALSE,0.0957036206185835,0.0217048279941753,0.0531629394593631,0.138244301777804,1.10043287004447,1.0546014673136,1.14825603700229,1.03693754677506e-05,3.66916362705023e-05,27776,"completed","core_species__positive_numeric_count_given_detection__did_early_egg"
"SOG_EVENT_STUDY_v1","atx_35518e24dfdd","Common Merganser","core_species","SoG","positive_numeric_count_given_detection","did_late_egg","difference_in_differences","late_egg",FALSE,0.0238737197397162,0.0217903309436195,-0.0188345441209867,0.0665819836004191,1.02416097840936,0.981341717567607,1.06884858853883,0.273249177106457,0.437080572009232,27776,"completed","core_species__positive_numeric_count_given_detection__did_late_egg"
"SOG_EVENT_STUDY_v1","atx_35518e24dfdd","Common Merganser","core_species","SoG","positive_numeric_count_given_detection","did_pre_14_day","duration_weighted_difference_in_differences","pre_14_day",FALSE,-0.00164868799788036,0.0210997028238588,-0.0430033456171416,0.0397059696213809,0.998352670341582,0.957908185267625,1.04050478919303,0.937718301873002,0.980341861049048,27776,"completed","core_species__positive_numeric_count_given_detection__did_pre_14_day"
"SOG_EVENT_STUDY_v1","atx_35518e24dfdd","Common Merganser","core_species","SoG","positive_numeric_count_given_detection","did_pre_7_day","difference_in_differences","pre_7_day",FALSE,0.00592844080079254,0.0259011696769188,-0.0448369189234292,0.0566938005250143,1.00594604878472,0.956153399644913,1.05833170016589,0.818956751569451,0.941800264304869,27776,"completed","core_species__positive_numeric_count_given_detection__did_pre_7_day"
"SOG_EVENT_STUDY_v1","atx_35518e24dfdd","Common Merganser","core_species","SoG","positive_numeric_count_given_detection","did_active_0_14_day","duration_weighted_difference_in_differences","active_0_14_day",TRUE,0.103538791528342,0.0196113074646141,0.0651013352079569,0.141976247848727,1.10908881578084,1.06726717064527,1.15254927268721,1.29504665971662e-07,4.9643455289137e-07,27776,"completed","core_species__positive_numeric_count_given_detection__did_active_0_14_day"
"SOG_EVENT_STUDY_v1","atx_725074cbfcb6","Glaucous-winged Gull","core_species","SoG","detection","did_spawn_start","difference_in_differences","spawn_start",FALSE,0.158014809505677,0.042738617774562,0.0742486579185118,0.241780961092841,1.17118353922851,1.07707459532777,1.2735152128831,0.00021795862755557,0.00130983522938667,217037,"completed","core_species__detection__did_spawn_start"
"SOG_EVENT_STUDY_v1","atx_725074cbfcb6","Glaucous-winged Gull","core_species","SoG","detection","did_early_egg","difference_in_differences","early_egg",FALSE,0.0930095606644873,0.0309339178527104,0.0323801957724543,0.15363892555652,1.09747222778168,1.03291013872968,1.166069772762,0.00264084817921811,0.0140845236224966,217037,"completed","core_species__detection__did_early_egg"
"SOG_EVENT_STUDY_v1","atx_725074cbfcb6","Glaucous-winged Gull","core_species","SoG","detection","did_late_egg","difference_in_differences","late_egg",FALSE,0.0110710550873774,0.0291503178694282,-0.0460625180745962,0.068204628249351,1.01113256600509,0.954982256672436,1.0705843578691,0.704099883326269,0.794916786072253,217037,"completed","core_species__detection__did_late_egg"
"SOG_EVENT_STUDY_v1","atx_725074cbfcb6","Glaucous-winged Gull","core_species","SoG","detection","did_pre_14_day","duration_weighted_difference_in_differences","pre_14_day",FALSE,-0.0183610990718486,0.0296105860521121,-0.0763967812951123,0.039674583151415,0.981806438946639,0.926448536171802,1.04047213193321,0.535201408719722,0.908495510604517,217037,"completed","core_species__detection__did_pre_14_day"
"SOG_EVENT_STUDY_v1","atx_725074cbfcb6","Glaucous-winged Gull","core_species","SoG","detection","did_pre_7_day","difference_in_differences","pre_7_day",FALSE,-0.00962363319406257,0.0361787654075198,-0.080532710397925,0.0612854440097999,0.990422525772869,0.922624723668314,1.06320235562098,0.790237472066737,0.949277387815811,217037,"completed","core_species__detection__did_pre_7_day"
"SOG_EVENT_STUDY_v1","atx_725074cbfcb6","Glaucous-winged Gull","core_species","SoG","detection","did_active_0_14_day","duration_weighted_difference_in_differences","active_0_14_day",TRUE,0.110344293688804,0.0283309579597156,0.0548166364402435,0.165871950937365,1.11666246412184,1.05634690138788,1.18042194012249,9.82672139322491e-05,0.000589603283593495,217037,"completed","core_species__detection__did_active_0_14_day"
"SOG_EVENT_STUDY_v1","atx_725074cbfcb6","Glaucous-winged Gull","core_species","SoG","positive_numeric_count_given_detection","did_spawn_start","difference_in_differences","spawn_start",FALSE,0.238306511876278,0.0219746589442583,0.195236971772981,0.281376051979576,1.26909812686346,1.21559901501489,1.32495176099548,2.11546036354092e-27,4.86555883614412e-26,85053,"completed","core_species__positive_numeric_count_given_detection__did_spawn_start"
"SOG_EVENT_STUDY_v1","atx_725074cbfcb6","Glaucous-winged Gull","core_species","SoG","positive_numeric_count_given_detection","did_early_egg","difference_in_differences","early_egg",FALSE,0.178272185313423,0.0166232649112795,0.145691184781847,0.210853185845,1.19515057940259,1.15683888343093,1.23473106575573,7.83128928984598e-27,3.60239307332915e-25,85053,"completed","core_species__positive_numeric_count_given_detection__did_early_egg"
"SOG_EVENT_STUDY_v1","atx_725074cbfcb6","Glaucous-winged Gull","core_species","SoG","positive_numeric_count_given_detection","did_late_egg","difference_in_differences","late_egg",FALSE,0.0646729793849291,0.0157992335225103,0.0337070506974711,0.095638908072387,1.06681009843976,1.0342815702785,1.10036166053563,4.25047382592455e-05,0.000325869659987549,85053,"completed","core_species__positive_numeric_count_given_detection__did_late_egg"
"SOG_EVENT_STUDY_v1","atx_725074cbfcb6","Glaucous-winged Gull","core_species","SoG","positive_numeric_count_given_detection","did_pre_14_day","duration_weighted_difference_in_differences","pre_14_day",FALSE,0.0377777758756394,0.0157488520927488,0.00691059297600346,0.0686449587752753,1.03850042738605,1.00693452622286,1.071055872646,0.0164505234751082,0.189181019963744,85053,"completed","core_species__positive_numeric_count_given_detection__did_pre_14_day"
"SOG_EVENT_STUDY_v1","atx_725074cbfcb6","Glaucous-winged Gull","core_species","SoG","positive_numeric_count_given_detection","did_pre_7_day","difference_in_differences","pre_7_day",FALSE,0.0398280162668926,0.0192986265200223,0.00200340333655947,0.0776526291972258,1.04063178706186,1.00200541148985,1.08074717344432,0.0390390872996821,0.253243009675101,85053,"completed","core_species__positive_numeric_count_given_detection__did_pre_7_day"
"SOG_EVENT_STUDY_v1","atx_725074cbfcb6","Glaucous-winged Gull","core_species","SoG","positive_numeric_count_given_detection","did_active_0_14_day","duration_weighted_difference_in_differences","active_0_14_day",TRUE,0.194281339063518,0.0150578346766878,0.164768525412052,0.223794152714984,1.21443790372088,1.179120150769,1.25081351635971,4.36620386424191e-38,2.00845377755128e-36,85053,"completed","core_species__positive_numeric_count_given_detection__did_active_0_14_day"
"SOG_EVENT_STUDY_v1","atx_815c98107028","Mallard","core_species","SoG","detection","did_spawn_start","difference_in_differences","spawn_start",FALSE,0.0640167472878936,0.0412590315837948,-0.0168494686533448,0.144882963229132,1.06611025306733,0.983291689717136,1.1559042790469,0.12076240895657,0.275532618820133,217200,"completed","core_species__detection__did_spawn_start"
"SOG_EVENT_STUDY_v1","atx_815c98107028","Mallard","core_species","SoG","detection","did_early_egg","difference_in_differences","early_egg",FALSE,0.0243781742277471,0.0300177983237075,-0.0344556293819063,0.0832119778374006,1.02467775134463,0.966131206574265,1.08677215574445,0.416720487259703,0.566505353804667,217200,"completed","core_species__detection__did_early_egg"
"SOG_EVENT_STUDY_v1","atx_815c98107028","Mallard","core_species","SoG","detection","did_late_egg","difference_in_differences","late_egg",FALSE,0.0137653724062264,0.0286575426901082,-0.0424023791518047,0.0699331239642574,1.01386055136815,0.958484028977891,1.07243645855704,0.630985443482553,0.776597468901604,217200,"completed","core_species__detection__did_late_egg"
"SOG_EVENT_STUDY_v1","atx_815c98107028","Mallard","core_species","SoG","detection","did_pre_14_day","duration_weighted_difference_in_differences","pre_14_day",FALSE,0.0207468806236829,0.0297623822542416,-0.0375863166887446,0.0790800779361105,1.02096359326053,0.963111281556138,1.08229098622877,0.485750223441261,0.908495510604517,217200,"completed","core_species__detection__did_pre_14_day"
"SOG_EVENT_STUDY_v1","atx_815c98107028","Mallard","core_species","SoG","detection","did_pre_7_day","difference_in_differences","pre_7_day",FALSE,0.0532277564606738,0.0363395057086339,-0.0179963659442363,0.124451878865584,1.05466982563365,0.982164601592747,1.13252752063991,0.142993152560571,0.45061600553029,217200,"completed","core_species__detection__did_pre_7_day"
"SOG_EVENT_STUDY_v1","atx_815c98107028","Mallard","core_species","SoG","detection","did_active_0_14_day","duration_weighted_difference_in_differences","active_0_14_day",TRUE,0.0349484603771195,0.0276673916491595,-0.0192786308013973,0.0891755515556363,1.03556633472584,0.980906013534243,1.09327256518044,0.20653015311445,0.311531461945134,217200,"completed","core_species__detection__did_active_0_14_day"
"SOG_EVENT_STUDY_v1","atx_815c98107028","Mallard","core_species","SoG","positive_numeric_count_given_detection","did_spawn_start","difference_in_differences","spawn_start",FALSE,0.0848305535738326,0.0219688296957254,0.0417724385877168,0.127888668559948,1.08853260311113,1.04265718321099,1.13642647565792,0.000112736747709892,0.000740841484950719,81526,"completed","core_species__positive_numeric_count_given_detection__did_spawn_start"
"SOG_EVENT_STUDY_v1","atx_815c98107028","Mallard","core_species","SoG","positive_numeric_count_given_detection","did_early_egg","difference_in_differences","early_egg",FALSE,0.111985493127781,0.0166723356234327,0.0793083157676885,0.144662670487873,1.11849663463959,1.08253803416838,1.15564966976995,1.85701395391522e-11,1.06778302350125e-10,81526,"completed","core_species__positive_numeric_count_given_detection__did_early_egg"
"SOG_EVENT_STUDY_v1","atx_815c98107028","Mallard","core_species","SoG","positive_numeric_count_given_detection","did_late_egg","difference_in_differences","late_egg",FALSE,0.135931877021315,0.0158245489203206,0.104916331065895,0.166947422976736,1.14560384898999,1.11061768227049,1.18169213382022,8.70170852697486e-18,4.00278592240844e-16,81526,"completed","core_species__positive_numeric_count_given_detection__did_late_egg"
"SOG_EVENT_STUDY_v1","atx_815c98107028","Mallard","core_species","SoG","positive_numeric_count_given_detection","did_pre_14_day","duration_weighted_difference_in_differences","pre_14_day",FALSE,0.0350395712408742,0.0161544876588363,0.00337735724085821,0.0667017852408901,1.03566069036741,1.00338306693791,1.06897664602375,0.0300803928669278,0.276739614375735,81526,"completed","core_species__positive_numeric_count_given_detection__did_pre_14_day"
"SOG_EVENT_STUDY_v1","atx_815c98107028","Mallard","core_species","SoG","positive_numeric_count_given_detection","did_pre_7_day","difference_in_differences","pre_7_day",FALSE,0.0415749083782137,0.0195000491420356,0.00335551436306272,0.0797943023933646,1.04245124725911,1.00336115040356,1.08306426103402,0.0330034588737335,0.253026518031957,81526,"completed","core_species__positive_numeric_count_given_detection__did_pre_7_day"
"SOG_EVENT_STUDY_v1","atx_815c98107028","Mallard","core_species","SoG","positive_numeric_count_given_detection","did_active_0_14_day","duration_weighted_difference_in_differences","active_0_14_day",TRUE,0.104744175913395,0.0152045227624563,0.0749438588968606,0.134544492929928,1.11042650017099,1.07782363897796,1.14401555847413,5.61802618389364e-12,3.69184577798725e-11,81526,"completed","core_species__positive_numeric_count_given_detection__did_active_0_14_day"
"SOG_EVENT_STUDY_v1","atx_87b306550dba","Harlequin Duck","core_species","SoG","detection","did_spawn_start","difference_in_differences","spawn_start",FALSE,0.0840606598155484,0.0643940753715651,-0.0421494087304768,0.210270728361574,1.08769487117798,0.958726527757754,1.23401209681121,0.191753328526811,0.330134868692432,217200,"completed","core_species__detection__did_spawn_start"
"SOG_EVENT_STUDY_v1","atx_87b306550dba","Harlequin Duck","core_species","SoG","detection","did_early_egg","difference_in_differences","early_egg",FALSE,0.0888248326430449,0.0540244954755494,-0.0170612327719789,0.194710898058069,1.09288920104567,0.983083485864933,1.2149596885064,0.100143469780936,0.20899506736891,217200,"completed","core_species__detection__did_early_egg"
"SOG_EVENT_STUDY_v1","atx_87b306550dba","Harlequin Duck","core_species","SoG","detection","did_late_egg","difference_in_differences","late_egg",FALSE,0.14236658151683,0.053435871997908,0.0376341969184376,0.247098966115222,1.15299923928533,1.03835133128142,1.28030581340128,0.00771599398183607,0.0370367711128131,217200,"completed","core_species__detection__did_late_egg"
"SOG_EVENT_STUDY_v1","atx_87b306550dba","Harlequin Duck","core_species","SoG","detection","did_pre_14_day","duration_weighted_difference_in_differences","pre_14_day",FALSE,-0.0524481501027031,0.0485793439760101,-0.147661914688266,0.0427656144828595,0.948903520330375,0.862722739528607,1.04369323960021,0.280303006298771,0.790863593413995,217200,"completed","core_species__detection__did_pre_14_day"
"SOG_EVENT_STUDY_v1","atx_87b306550dba","Harlequin Duck","core_species","SoG","detection","did_pre_7_day","difference_in_differences","pre_7_day",FALSE,-0.0807544906991976,0.0587098121034059,-0.195823607960987,0.0343146265625917,0.922420126367802,0.822157243881214,1.03491016573871,0.168981002073859,0.45061600553029,217200,"completed","core_species__detection__did_pre_7_day"
"SOG_EVENT_STUDY_v1","atx_87b306550dba","Harlequin Duck","core_species","SoG","detection","did_active_0_14_day","duration_weighted_difference_in_differences","active_0_14_day",TRUE,0.0875543865557125,0.04856533830581,-0.00763192742067856,0.182740700532104,1.09150162584269,0.992397121789933,1.20050307790939,0.0714170595582382,0.163238993275973,217200,"completed","core_species__detection__did_active_0_14_day"
"SOG_EVENT_STUDY_v1","atx_87b306550dba","Harlequin Duck","core_species","SoG","positive_numeric_count_given_detection","did_spawn_start","difference_in_differences","spawn_start",FALSE,0.132814853679534,0.031309910528544,0.0714485566844166,0.194181150674652,1.14203853452313,1.07406289592357,1.21431623723881,2.21593044509223e-05,0.000169888000790404,12030,"completed","core_species__positive_numeric_count_given_detection__did_spawn_start"
"SOG_EVENT_STUDY_v1","atx_87b306550dba","Harlequin Duck","core_species","SoG","positive_numeric_count_given_detection","did_early_egg","difference_in_differences","early_egg",FALSE,0.225278573178357,0.02691396574287,0.172528169641187,0.278028976715527,1.25267162830776,1.18830529427728,1.32052446111637,5.74607524977861e-17,6.6079865372454e-16,12030,"completed","core_species__positive_numeric_count_given_detection__did_early_egg"
"SOG_EVENT_STUDY_v1","atx_87b306550dba","Harlequin Duck","core_species","SoG","positive_numeric_count_given_detection","did_late_egg","difference_in_differences","late_egg",FALSE,0.0931241955507832,0.026435561387236,0.041311447320703,0.144936943780863,1.09759804359703,1.0421766381271,1.15596667708176,0.000427196336369668,0.00280729021042925,12030,"completed","core_species__positive_numeric_count_given_detection__did_late_egg"
"SOG_EVENT_STUDY_v1","atx_87b306550dba","Harlequin Duck","core_species","SoG","positive_numeric_count_given_detection","did_pre_14_day","duration_weighted_difference_in_differences","pre_14_day",FALSE,0.0160344837504767,0.0230808138967215,-0.029203080220969,0.0612720477219224,1.0161637259383,0.971219209026365,1.06318811275156,0.487236746790143,0.800460369726663,12030,"completed","core_species__positive_numeric_count_given_detection__did_pre_14_day"
"SOG_EVENT_STUDY_v1","atx_87b306550dba","Harlequin Duck","core_species","SoG","positive_numeric_count_given_detection","did_pre_7_day","difference_in_differences","pre_7_day",FALSE,0.0523755106827868,0.0285631111091336,-0.00360715837753099,0.108358179743105,1.05377137063431,0.99639933960282,1.11444684619236,0.0667020025918967,0.329448886360908,12030,"completed","core_species__positive_numeric_count_given_detection__did_pre_7_day"
"SOG_EVENT_STUDY_v1","atx_87b306550dba","Harlequin Duck","core_species","SoG","positive_numeric_count_given_detection","did_active_0_14_day","duration_weighted_difference_in_differences","active_0_14_day",TRUE,0.200621581312004,0.023754665742441,0.154063291992032,0.247179870631976,1.22216219529059,1.16656471864681,1.28040940011467,3.02577576512635e-17,3.47964212989531e-16,12030,"completed","core_species__positive_numeric_count_given_detection__did_active_0_14_day"
"SOG_EVENT_STUDY_v1","atx_c9db024faf12","American Crow","core_species","SoG","detection","did_spawn_start","difference_in_differences","spawn_start",FALSE,0.0021950138200042,0.0368531289080463,-0.0700357915573785,0.0744258191973869,1.00219742462643,0.932360448676251,1.07726542814411,0.952505181074063,0.9953634914218,217200,"completed","core_species__detection__did_spawn_start"
"SOG_EVENT_STUDY_v1","atx_c9db024faf12","American Crow","core_species","SoG","detection","did_early_egg","difference_in_differences","early_egg",FALSE,0.0111965631632745,0.027186959051566,-0.0420888974269601,0.0644820237535092,1.01125947927208,0.958784543304945,1.06660640449268,0.680459775850247,0.742319755472996,217200,"completed","core_species__detection__did_early_egg"
"SOG_EVENT_STUDY_v1","atx_c9db024faf12","American Crow","core_species","SoG","detection","did_late_egg","difference_in_differences","late_egg",FALSE,-0.0603791964348669,0.0256485913747461,-0.110649511783554,-0.0101088810861799,0.941407487530203,0.895252469389422,0.98994204191625,0.018567912303819,0.0685584454294856,217200,"completed","core_species__detection__did_late_egg"
"SOG_EVENT_STUDY_v1","atx_c9db024faf12","American Crow","core_species","SoG","detection","did_pre_14_day","duration_weighted_difference_in_differences","pre_14_day",FALSE,-0.015454746749735,0.0265440918759163,-0.0674802108288533,0.0365707173293832,0.984664064992883,0.934746218285893,1.03724765280812,0.560412272571841,0.908495510604517,217200,"completed","core_species__detection__did_pre_14_day"
"SOG_EVENT_STUDY_v1","atx_c9db024faf12","American Crow","core_species","SoG","detection","did_pre_7_day","difference_in_differences","pre_7_day",FALSE,0.02685045233994,0.0319225429028382,-0.0357165820445575,0.0894174867244375,1.02721417380028,0.964913728609221,1.09353709826168,0.400284869646031,0.673251110782098,217200,"completed","core_species__detection__did_pre_7_day"
"SOG_EVENT_STUDY_v1","atx_c9db024faf12","American Crow","core_species","SoG","detection","did_active_0_14_day","duration_weighted_difference_in_differences","active_0_14_day",TRUE,0.00879615000506912,0.0250633948612753,-0.0403272012533367,0.057919501263475,1.00883494981206,0.960475119069407,1.05962969342547,0.725621322368204,0.8099958947366,217200,"completed","core_species__detection__did_active_0_14_day"
"SOG_EVENT_STUDY_v1","atx_c9db024faf12","American Crow","core_species","SoG","positive_numeric_count_given_detection","did_spawn_start","difference_in_differences","spawn_start",FALSE,-0.01159130685569,0.0181885764202979,-0.0472402615695284,0.0240576478581484,0.988475613527158,0.953858194590198,1.0243493677356,0.52393922215175,0.674507319349511,112180,"completed","core_species__positive_numeric_count_given_detection__did_spawn_start"
"SOG_EVENT_STUDY_v1","atx_c9db024faf12","American Crow","core_species","SoG","positive_numeric_count_given_detection","did_early_egg","difference_in_differences","early_egg",FALSE,0.00943461501353955,0.0136957111081862,-0.0174084855011706,0.0362777155282497,1.00947926129012,0.982742166706878,1.03694378189716,0.490902759132429,0.602930554292268,112180,"completed","core_species__positive_numeric_count_given_detection__did_early_egg"
"SOG_EVENT_STUDY_v1","atx_c9db024faf12","American Crow","core_species","SoG","positive_numeric_count_given_detection","did_late_egg","difference_in_differences","late_egg",FALSE,-0.0130436687149583,0.0128759818392505,-0.0382801293854811,0.0121927919555645,0.987041031265705,0.962443294476379,1.01226742707175,0.311049065135399,0.476941899874278,112180,"completed","core_species__positive_numeric_count_given_detection__did_late_egg"
"SOG_EVENT_STUDY_v1","atx_c9db024faf12","American Crow","core_species","SoG","positive_numeric_count_given_detection","did_pre_14_day","duration_weighted_difference_in_differences","pre_14_day",FALSE,-0.00419474433191669,0.0135597831125552,-0.0307714308706993,0.0223819422068659,0.995814041319275,0.969697190590138,1.02263429708931,0.757053874168784,0.885309144676756,112180,"completed","core_species__positive_numeric_count_given_detection__did_pre_14_day"
"SOG_EVENT_STUDY_v1","atx_c9db024faf12","American Crow","core_species","SoG","positive_numeric_count_given_detection","did_pre_7_day","difference_in_differences","pre_7_day",FALSE,-0.0254226356802604,0.0160690094117074,-0.0569173153944421,0.00607204403392117,0.974897798353304,0.944672175983624,1.00609051626243,0.113628790641301,0.3390915543495,112180,"completed","core_species__positive_numeric_count_given_detection__did_pre_7_day"
"SOG_EVENT_STUDY_v1","atx_c9db024faf12","American Crow","core_species","SoG","positive_numeric_count_given_detection","did_active_0_14_day","duration_weighted_difference_in_differences","active_0_14_day",TRUE,0.00382770251507833,0.0126093432136665,-0.0208861560524126,0.0285415610825692,1.00383503752411,0.979330449067736,1.02895277433708,0.761462507906847,0.814587799156161,112180,"completed","core_species__positive_numeric_count_given_detection__did_active_0_14_day"
"SOG_EVENT_STUDY_v1","atx_e0e678a61ad7","Short-billed Gull","core_species","SoG","detection","did_spawn_start","difference_in_differences","spawn_start",FALSE,0.214130578663261,0.0490004298337403,0.118091500962148,0.310169656364374,1.23878440304421,1.12534707699684,1.36365644750317,1.2426162943885e-05,9.94093035510798e-05,217200,"completed","core_species__detection__did_spawn_start"
"SOG_EVENT_STUDY_v1","atx_e0e678a61ad7","Short-billed Gull","core_species","SoG","detection","did_early_egg","difference_in_differences","early_egg",FALSE,0.187698743214535,0.0367673527910669,0.115636055937166,0.259761430491905,1.20647000332216,1.12258723881735,1.29662071559768,3.30727570541003e-07,5.97055543211294e-06,217200,"completed","core_species__detection__did_early_egg"
"SOG_EVENT_STUDY_v1","atx_e0e678a61ad7","Short-billed Gull","core_species","SoG","detection","did_late_egg","difference_in_differences","late_egg",FALSE,0.0130308412220631,0.0353120364833589,-0.0561794785060847,0.0822411609502109,1.01311611261699,0.945369447167037,1.08571761095089,0.712112954189726,0.794916786072253,217200,"completed","core_species__detection__did_late_egg"
"SOG_EVENT_STUDY_v1","atx_e0e678a61ad7","Short-billed Gull","core_species","SoG","detection","did_pre_14_day","duration_weighted_difference_in_differences","pre_14_day",FALSE,-0.0290043726651763,0.0351633939073879,-0.0979233582978516,0.0399146129674991,0.971412216796946,0.906718393532029,1.04072190624312,0.409459223272063,0.893365578048137,217200,"completed","core_species__detection__did_pre_14_day"
"SOG_EVENT_STUDY_v1","atx_e0e678a61ad7","Short-billed Gull","core_species","SoG","detection","did_pre_7_day","difference_in_differences","pre_7_day",FALSE,0.0538270310678134,0.0421879923705011,-0.0288599145584194,0.136513976694046,1.05530205189872,0.971552555302938,1.14627089874145,0.201996137211119,0.461705456482557,217200,"completed","core_species__detection__did_pre_7_day"
"SOG_EVENT_STUDY_v1","atx_e0e678a61ad7","Short-billed Gull","core_species","SoG","detection","did_active_0_14_day","duration_weighted_difference_in_differences","active_0_14_day",TRUE,0.194747232667529,0.0336269758773721,0.128839571038882,0.260654894296175,1.2150038343942,1.13750762036088,1.29777971696072,6.98025525069391e-09,1.13283972698756e-07,217200,"completed","core_species__detection__did_active_0_14_day"
"SOG_EVENT_STUDY_v1","atx_e0e678a61ad7","Short-billed Gull","core_species","SoG","positive_numeric_count_given_detection","did_spawn_start","difference_in_differences","spawn_start",FALSE,0.279134676617817,0.0386911283806279,0.203301458470571,0.354967894765063,1.32198537239989,1.22544183239129,1.42613486715152,5.415789754756e-13,8.30421095729254e-12,22003,"completed","core_species__positive_numeric_count_given_detection__did_spawn_start"
"SOG_EVENT_STUDY_v1","atx_e0e678a61ad7","Short-billed Gull","core_species","SoG","positive_numeric_count_given_detection","did_early_egg","difference_in_differences","early_egg",FALSE,0.318036336101268,0.0312187484084956,0.2568487135782,0.379223958624337,1.37442620160988,1.29284952138549,1.46115023629924,2.25834872364178e-24,5.19420206437609e-23,22003,"completed","core_species__positive_numeric_count_given_detection__did_early_egg"
"SOG_EVENT_STUDY_v1","atx_e0e678a61ad7","Short-billed Gull","core_species","SoG","positive_numeric_count_given_detection","did_late_egg","difference_in_differences","late_egg",FALSE,0.194664006117846,0.0309399665038561,0.134022786087412,0.25530522614828,1.21490271802505,1.14341887339021,1.29085556362069,3.14072068633186e-10,4.81577171904219e-09,22003,"completed","core_species__positive_numeric_count_given_detection__did_late_egg"
"SOG_EVENT_STUDY_v1","atx_e0e678a61ad7","Short-billed Gull","core_species","SoG","positive_numeric_count_given_detection","did_pre_14_day","duration_weighted_difference_in_differences","pre_14_day",FALSE,0.0454859773949577,0.0304814775186268,-0.0142566207371181,0.105228575527034,1.04653632934545,0.985844523650739,1.11096452063658,0.135633682968898,0.459282916673314,22003,"completed","core_species__positive_numeric_count_given_detection__did_pre_14_day"
"SOG_EVENT_STUDY_v1","atx_e0e678a61ad7","Short-billed Gull","core_species","SoG","positive_numeric_count_given_detection","did_pre_7_day","difference_in_differences","pre_7_day",FALSE,0.0304166715637199,0.0358795134944056,-0.0399058826681341,0.100739225795574,1.03088398451923,0.960879870346326,1.10598819096419,0.396580101833755,0.735840805368453,22003,"completed","core_species__positive_numeric_count_given_detection__did_pre_7_day"
"SOG_EVENT_STUDY_v1","atx_e0e678a61ad7","Short-billed Gull","core_species","SoG","positive_numeric_count_given_detection","did_active_0_14_day","duration_weighted_difference_in_differences","active_0_14_day",TRUE,0.307662560239014,0.0286188894410288,0.251570567657064,0.363754552820965,1.36024191178047,1.28604364994912,1.43872104079623,5.90487541288377e-27,1.35812134496327e-25,22003,"completed","core_species__positive_numeric_count_given_detection__did_active_0_14_day"
"SOG_EVENT_STUDY_v1","atx_fc0a9b777dcd","Bald Eagle","core_species","SoG","detection","did_spawn_start","difference_in_differences","spawn_start",FALSE,0.191449314074097,0.0367647222673918,0.119391782528391,0.263506845619802,1.21100345075322,1.12681129679939,1.30148620439088,1.91485357444152e-07,2.29782428932982e-06,217199,"completed","core_species__detection__did_spawn_start"
"SOG_EVENT_STUDY_v1","atx_fc0a9b777dcd","Bald Eagle","core_species","SoG","detection","did_early_egg","difference_in_differences","early_egg",FALSE,0.0391373521662256,0.0256443048286089,-0.0111245617064146,0.0893992660388657,1.03991330818687,0.98893708741192,1.09351717344757,0.126969634986388,0.243781699173865,217199,"completed","core_species__detection__did_early_egg"
"SOG_EVENT_STUDY_v1","atx_fc0a9b777dcd","Bald Eagle","core_species","SoG","detection","did_late_egg","difference_in_differences","late_egg",FALSE,0.0261256013216681,0.0239590808314658,-0.0208333342106889,0.0730845368540251,1.02646986634901,0.979382180471974,1.07582147963402,0.275525595596732,0.426588609918836,217199,"completed","core_species__detection__did_late_egg"
"SOG_EVENT_STUDY_v1","atx_fc0a9b777dcd","Bald Eagle","core_species","SoG","detection","did_pre_14_day","duration_weighted_difference_in_differences","pre_14_day",FALSE,0.0395129757271778,0.0250638422573719,-0.00961125241146422,0.0886372038658198,1.04030399749823,0.990434788054749,1.09268416281737,0.114912195299309,0.582644212166237,217199,"completed","core_species__detection__did_pre_14_day"
"SOG_EVENT_STUDY_v1","atx_fc0a9b777dcd","Bald Eagle","core_species","SoG","detection","did_pre_7_day","difference_in_differences","pre_7_day",FALSE,0.08729136692559,0.0308159221501102,0.0268932693609839,0.147689464490196,1.09121457724015,1.02725815699278,1.15915288233604,0.0046160878832469,0.0911809199147181,217199,"completed","core_species__detection__did_pre_7_day"
"SOG_EVENT_STUDY_v1","atx_fc0a9b777dcd","Bald Eagle","core_species","SoG","detection","did_active_0_14_day","duration_weighted_difference_in_differences","active_0_14_day",TRUE,0.0797538753416578,0.0236927893340081,0.0333168615537073,0.126190889129608,1.08302047682418,1.03387808356137,1.13449871108603,0.000762206679472724,0.00332599278315371,217199,"completed","core_species__detection__did_active_0_14_day"
"SOG_EVENT_STUDY_v1","atx_fc0a9b777dcd","Bald Eagle","core_species","SoG","positive_numeric_count_given_detection","did_spawn_start","difference_in_differences","spawn_start",FALSE,0.163329258932404,0.0118403030624829,0.140122691363898,0.18653582650091,1.17742430334144,1.15041493617645,1.20506779467477,2.75634249213549e-43,1.26791754638232e-41,83359,"completed","core_species__positive_numeric_count_given_detection__did_spawn_start"
"SOG_EVENT_STUDY_v1","atx_fc0a9b777dcd","Bald Eagle","core_species","SoG","positive_numeric_count_given_detection","did_early_egg","difference_in_differences","early_egg",FALSE,0.0285009073562331,0.00917327326543644,0.0105216221356335,0.0464801925768326,1.02891094442286,1.01057716904541,1.04757732905558,0.00189027950193713,0.00511487394641812,83359,"completed","core_species__positive_numeric_count_given_detection__did_early_egg"
"SOG_EVENT_STUDY_v1","atx_fc0a9b777dcd","Bald Eagle","core_species","SoG","positive_numeric_count_given_detection","did_late_egg","difference_in_differences","late_egg",FALSE,-0.0113338653311838,0.00883119755148654,-0.0286426944724557,0.00597496381008811,0.988730120955026,0.971763618955322,1.00599284951075,0.1993556854979,0.366814461316136,83359,"completed","core_species__positive_numeric_count_given_detection__did_late_egg"
"SOG_EVENT_STUDY_v1","atx_fc0a9b777dcd","Bald Eagle","core_species","SoG","positive_numeric_count_given_detection","did_pre_14_day","duration_weighted_difference_in_differences","pre_14_day",FALSE,0.0037548483727544,0.00902534682699418,-0.013934506356137,0.0214442031016459,1.00376190664739,0.986162129499178,1.02167578240718,0.677385348470699,0.842154757558166,83359,"completed","core_species__positive_numeric_count_given_detection__did_pre_14_day"
"SOG_EVENT_STUDY_v1","atx_fc0a9b777dcd","Bald Eagle","core_species","SoG","positive_numeric_count_given_detection","did_pre_7_day","difference_in_differences","pre_7_day",FALSE,0.0218145619243626,0.0108331370061757,0.000582003552670084,0.0430471202960551,1.02205423912522,1.0005821729496,1.04398708667224,0.0440422625521916,0.253243009675101,83359,"completed","core_species__positive_numeric_count_given_detection__did_pre_7_day"
"SOG_EVENT_STUDY_v1","atx_fc0a9b777dcd","Bald Eagle","core_species","SoG","positive_numeric_count_given_detection","did_active_0_14_day","duration_weighted_difference_in_differences","active_0_14_day",TRUE,0.064455134443212,0.0084026925265386,0.0479861597180325,0.0809241091683915,1.0665777245677,1.04915613460725,1.08428860588024,1.70964861885361e-14,1.57287672934532e-13,83359,"completed","core_species__positive_numeric_count_given_detection__did_active_0_14_day"
"SOG_EVENT_STUDY_v1","atx_v2_000007","Common Raven","core_species","SoG","detection","did_spawn_start","difference_in_differences","spawn_start",FALSE,-0.0651462332152546,0.0362738638151862,-0.13624169987313,0.00594923344262097,0.936930443008032,0.872631692028352,1.00596696527807,0.0725016472550611,0.193337726013496,217200,"completed","core_species__detection__did_spawn_start"
"SOG_EVENT_STUDY_v1","atx_v2_000007","Common Raven","core_species","SoG","detection","did_early_egg","difference_in_differences","early_egg",FALSE,-0.0617915001362735,0.0263982834477685,-0.11353118494758,-0.0100518153249675,0.940078872675709,0.892676357911689,0.989998535324332,0.0192455992992755,0.0577367978978265,217200,"completed","core_species__detection__did_early_egg"
"SOG_EVENT_STUDY_v1","atx_v2_000007","Common Raven","core_species","SoG","detection","did_late_egg","difference_in_differences","late_egg",FALSE,-0.00958390593540415,0.0247348491518019,-0.058063319435967,0.0388955075651587,0.990461873326312,0.943590197946049,1.0396618411769,0.698411464265467,0.794916786072253,217200,"completed","core_species__detection__did_late_egg"
"SOG_EVENT_STUDY_v1","atx_v2_000007","Common Raven","core_species","SoG","detection","did_pre_14_day","duration_weighted_difference_in_differences","pre_14_day",FALSE,-0.00354985506179183,0.0255660773176775,-0.0536584458304061,0.0465587357068225,0.996456438224734,0.947755761157833,1.04765961228925,0.889568520800256,0.908495510604517,217200,"completed","core_species__detection__did_pre_14_day"
"SOG_EVENT_STUDY_v1","atx_v2_000007","Common Raven","core_species","SoG","detection","did_pre_7_day","difference_in_differences","pre_7_day",FALSE,-0.019359938988772,0.0312007876104049,-0.0805123589944493,0.0417924810169052,0.980826261086605,0.92264350056739,1.04267808080318,0.534931812349952,0.814873608730698,217200,"completed","core_species__detection__did_pre_7_day"
"SOG_EVENT_STUDY_v1","atx_v2_000007","Common Raven","core_species","SoG","detection","did_active_0_14_day","duration_weighted_difference_in_differences","active_0_14_day",TRUE,-0.0626860956240018,0.0242559401693938,-0.110226864767172,-0.0151453264808315,0.939238258419027,0.895630925145483,0.984968787153828,0.00975597389370429,0.0260159303832114,217200,"completed","core_species__detection__did_active_0_14_day"
"SOG_EVENT_STUDY_v1","atx_v2_000007","Common Raven","core_species","SoG","positive_numeric_count_given_detection","did_spawn_start","difference_in_differences","spawn_start",FALSE,0.00232670785536176,0.0141334728889021,-0.0253743899833596,0.0300278056940831,1.0023294167406,0.97494483411162,1.03048318685541,0.869239994567949,0.931642670269836,60940,"completed","core_species__positive_numeric_count_given_detection__did_spawn_start"
"SOG_EVENT_STUDY_v1","atx_v2_000007","Common Raven","core_species","SoG","positive_numeric_count_given_detection","did_early_egg","difference_in_differences","early_egg",FALSE,0.0176306362681057,0.00995675346961564,-0.00188424193528519,0.0371455144714966,1.01778697335837,0.998117532134117,1.03784403117649,0.0766070449446429,0.130515706201984,60940,"completed","core_species__positive_numeric_count_given_detection__did_early_egg"
"SOG_EVENT_STUDY_v1","atx_v2_000007","Common Raven","core_species","SoG","positive_numeric_count_given_detection","did_late_egg","difference_in_differences","late_egg",FALSE,0.0148112987305949,0.0093699784052329,-0.00355352147957959,0.0331761189407695,1.01492152956386,0.996452784805822,1.03373258309772,0.113942403738291,0.249588122474352,60940,"completed","core_species__positive_numeric_count_given_detection__did_late_egg"
"SOG_EVENT_STUDY_v1","atx_v2_000007","Common Raven","core_species","SoG","positive_numeric_count_given_detection","did_pre_14_day","duration_weighted_difference_in_differences","pre_14_day",FALSE,0.0140748549070698,0.00966909682104582,-0.00487622662521076,0.0330259364393503,1.01417437202559,0.995135642867224,1.03357734620982,0.145488422495511,0.459282916673314,60940,"completed","core_species__positive_numeric_count_given_detection__did_pre_14_day"
"SOG_EVENT_STUDY_v1","atx_v2_000007","Common Raven","core_species","SoG","positive_numeric_count_given_detection","did_pre_7_day","difference_in_differences","pre_7_day",FALSE,0.0203538055636339,0.0117938775469739,-0.00276176966651059,0.0434693807937784,1.02056235679799,0.997242040510917,1.04442801426567,0.0843844421653071,0.329448886360908,60940,"completed","core_species__positive_numeric_count_given_detection__did_pre_7_day"
"SOG_EVENT_STUDY_v1","atx_v2_000007","Common Raven","core_species","SoG","positive_numeric_count_given_detection","did_active_0_14_day","duration_weighted_difference_in_differences","active_0_14_day",TRUE,0.013549588691374,0.00919089925385043,-0.00446424283170892,0.0315634202144569,1.01364180037434,0.995545707088528,1.03206682741967,0.140417060386012,0.215306159258551,60940,"completed","core_species__positive_numeric_count_given_detection__did_active_0_14_day"
